2026-02-13T07:01:48.900111 user_message user_id=6499839380 chat_id=6499839380 chat_type=private username=Excel_student msg_type=ContentType.TEXT message_id=1881 text=/start
2026-02-13T07:01:48.911320 user_start user_id=6499839380
2026-02-13T07:01:54.839431 user_message user_id=6499839380 chat_id=6499839380 chat_type=private username=Excel_student msg_type=ContentType.TEXT message_id=1883 text=/admin
2026-02-13T07:01:57.605428 user_action user_id=6499839380 chat_id=6499839380 username=Excel_student data=admin:channels message_id=1884
2026-02-13T07:02:00.061525 user_action user_id=6499839380 chat_id=6499839380 username=Excel_student data=admin:back message_id=1884
2026-02-13T07:02:04.057167 user_action user_id=6499839380 chat_id=6499839380 username=Excel_student data=admin:help message_id=1884
2026-02-13T07:02:07.037599 user_message user_id=6499839380 chat_id=6499839380 chat_type=private username=Excel_student msg_type=ContentType.TEXT message_id=1885 text=/restoredb
2026-02-13T07:02:07.230563 restore_db_start user_id=6499839380
2026-02-13T07:02:26.702142 user_message user_id=6499839380 chat_id=6499839380 chat_type=private username=Excel_student msg_type=ContentType.DOCUMENT message_id=1887 text=/restoredb
2026-02-13T07:02:26.888965 restore_db_start user_id=6499839380
2026-02-13T07:02:46.346347 user_message user_id=6499839380 chat_id=6499839380 chat_type=private username=Excel_student msg_type=ContentType.TEXT message_id=1889 text=/restoredb
2026-02-13T07:02:46.347897 user_message user_id=6499839380 chat_id=6499839380 chat_type=private username=Excel_student msg_type=ContentType.DOCUMENT message_id=1890 text=
2026-02-13T07:02:46.481036 restore_db_start user_id=6499839380
2026-02-13T07:02:49.831442 user_action user_id=6499839380 chat_id=6499839380 username=Excel_student data=restoredb:confirm message_id=1892
2026-02-13T07:02:50.031114 restore_db_success user_id=6499839380 backup=/tmp/serialbot-db-backup-20260213-070249.db
2026-02-13T07:02:53.747670 user_message user_id=6499839380 chat_id=6499839380 chat_type=private username=Excel_student msg_type=ContentType.TEXT message_id=1893 text=/admin
2026-02-13T07:02:55.665145 user_action user_id=6499839380 chat_id=6499839380 username=Excel_student data=admin:admins message_id=1894
2026-02-13T07:02:55.809249 admins_list user_id=6499839380
2026-02-13T07:02:58.429868 user_action user_id=6499839380 chat_id=6499839380 username=Excel_student data=admin:back message_id=1894
2026-02-13T07:03:00.273983 user_action user_id=6499839380 chat_id=6499839380 username=Excel_student data=admin:channels message_id=1894
2026-02-13T07:03:02.219171 user_action user_id=6499839380 chat_id=6499839380 username=Excel_student data=admin:back message_id=1894
2026-02-13T07:03:04.171477 user_action user_id=6499839380 chat_id=6499839380 username=Excel_student data=admin:serials message_id=1894
2026-02-13T07:03:06.726465 user_action user_id=6499839380 chat_id=6499839380 username=Excel_student data=admin:serial:7 message_id=1894
2026-02-13T07:03:12.767619 user_action user_id=6499839380 chat_id=6499839380 username=Excel_student data=admin:serial:4 message_id=1894
2026-02-13T07:03:15.122803 user_action user_id=6499839380 chat_id=6499839380 username=Excel_student data=admin:back message_id=1894
2026-02-13T07:03:20.961399 user_action user_id=6499839380 chat_id=6499839380 username=Excel_student data=admin:broadcast message_id=1894
2026-02-13T07:03:25.696348 user_action user_id=6499839380 chat_id=6499839380 username=Excel_student data=admin:back message_id=1894
2026-02-13T07:03:27.486997 user_action user_id=6499839380 chat_id=6499839380 username=Excel_student data=admin:users message_id=1894
2026-02-13T07:03:32.530264 user_action user_id=6499839380 chat_id=6499839380 username=Excel_student data=admin:back message_id=1894
2026-02-13T07:03:34.577963 user_action user_id=6499839380 chat_id=6499839380 username=Excel_student data=admin:serials message_id=1894
2026-02-13T07:03:37.035763 user_action user_id=6499839380 chat_id=6499839380 username=Excel_student data=admin:serial:1 message_id=1894
2026-02-13T07:03:41.030536 user_action user_id=6499839380 chat_id=6499839380 username=Excel_student data=admin:serial:1 message_id=1894
2026-02-13T07:03:47.891767 user_action user_id=6499839380 chat_id=6499839380 username=Excel_student data=admin:back message_id=1894
2026-02-13T07:03:54.444736 user_message user_id=6499839380 chat_id=6499839380 chat_type=private username=Excel_student msg_type=ContentType.TEXT message_id=1895 text=/start
2026-02-13T07:03:54.445206 user_start user_id=6499839380
2026-02-13T07:03:57.617183 user_action user_id=6499839380 chat_id=6499839380 username=Excel_student data=user:serials message_id=1896
2026-02-13T07:04:29.910558 user_action user_id=6499839380 chat_id=6499839380 username=Excel_student data=check_subs message_id=1897
2026-02-13T07:04:51.273799 user_action user_id=6499839380 chat_id=6499839380 username=Excel_student data=check_subs message_id=1897
2026-02-13T07:04:54.449902 user_message user_id=6499839380 chat_id=6499839380 chat_type=private username=Excel_student msg_type=ContentType.TEXT message_id=1898 text=/start
2026-02-13T07:04:54.450921 user_start user_id=6499839380
2026-02-13T07:04:57.873539 user_action user_id=6499839380 chat_id=6499839380 username=Excel_student data=user:search message_id=1899
2026-02-13T07:05:31.799606 user_action user_id=6499839380 chat_id=6499839380 username=Excel_student data=check_subs message_id=1900
2026-02-13T07:07:18.834430 user_message user_id=6499839380 chat_id=6499839380 chat_type=private username=Excel_student msg_type=ContentType.TEXT message_id=1901 text=/start
2026-02-13T07:07:18.835922 user_start user_id=6499839380
2026-02-13T07:07:20.984716 user_action user_id=6499839380 chat_id=6499839380 username=Excel_student data=user:sendcode message_id=1902
2026-02-13T07:07:23.442629 user_message user_id=6499839380 chat_id=6499839380 chat_type=private username=Excel_student msg_type=ContentType.TEXT message_id=1903 text=1
2026-02-13T07:07:28.376586 user_action user_id=6499839380 chat_id=6499839380 username=Excel_student data=user:serials message_id=1899
2026-02-13T07:07:33.785959 user_action user_id=6499839380 chat_id=6499839380 username=Excel_student data=user:serial:5 message_id=1899
2026-02-13T07:07:39.962026 user_message user_id=6499839380 chat_id=6499839380 chat_type=private username=Excel_student msg_type=ContentType.TEXT message_id=1904 text=/start
2026-02-13T07:07:39.963286 user_start user_id=6499839380
2026-02-13T07:07:42.592500 user_action user_id=6499839380 chat_id=6499839380 username=Excel_student data=user:serials message_id=1905
2026-02-13T07:07:45.052341 user_action user_id=6499839380 chat_id=6499839380 username=Excel_student data=user:serial:4 message_id=1905
2026-02-13T07:08:31.645944 user_action user_id=6499839380 chat_id=6499839380 username=Excel_student data=user:serial:5 message_id=1905
2026-02-13T07:08:35.260243 user_action user_id=6499839380 chat_id=6499839380 username=Excel_student data=noop message_id=1905
2026-02-13T07:08:36.784400 user_action user_id=6499839380 chat_id=6499839380 username=Excel_student data=user:serial:7 message_id=1905
2026-02-13T07:08:50.282178 user_message user_id=6499839380 chat_id=6499839380 chat_type=private username=Excel_student msg_type=ContentType.TEXT message_id=1906 text=/logfile
2026-02-13T07:08:50.685652 logfile_sent user_id=6499839380
2026-02-13T07:14:00.403453 user_message user_id=6499839380 chat_id=6499839380 chat_type=private username=Excel_student msg_type=ContentType.TEXT message_id=1908 text=/start
2026-02-13T07:14:00.404556 user_start user_id=6499839380
2026-02-13T07:14:05.468296 user_action user_id=6499839380 chat_id=6499839380 username=Excel_student data=user:serials message_id=1909
2026-02-13T07:14:07.416900 user_action user_id=6499839380 chat_id=6499839380 username=Excel_student data=user:serial:4 message_id=1909
2026-02-13T07:14:17.739535 user_action user_id=6499839380 chat_id=6499839380 username=Excel_student data=user:serial:5 message_id=1909
2026-02-13T07:14:21.927556 user_message user_id=6499839380 chat_id=6499839380 chat_type=private username=Excel_student msg_type=ContentType.TEXT message_id=1910 text=/start
2026-02-13T07:14:21.928878 user_start user_id=6499839380
2026-02-13T07:14:26.141727 user_action user_id=6499839380 chat_id=6499839380 username=Excel_student data=user:search message_id=1911
2026-02-13T07:14:31.140547 user_message user_id=6499839380 chat_id=6499839380 chat_type=private username=Excel_student msg_type=ContentType.TEXT message_id=1912 text=Zolushka
2026-02-13T07:15:33.269939 user_message user_id=6499839380 chat_id=6499839380 chat_type=private username=Excel_student msg_type=ContentType.TEXT message_id=1913 text=/start
2026-02-13T07:15:33.270904 user_start user_id=6499839380
2026-02-13T07:15:33.275184 user_message user_id=6499839380 chat_id=6499839380 chat_type=private username=Excel_student msg_type=ContentType.TEXT message_id=1915 text=/start
2026-02-13T07:15:33.276263 user_start user_id=6499839380
2026-02-13T07:15:33.280675 user_message user_id=6499839380 chat_id=6499839380 chat_type=private username=Excel_student msg_type=ContentType.TEXT message_id=1914 text=/serial 1
2026-02-13T07:15:33.280870 serial_request user_id=6499839380 query=1
2026-02-13T07:15:43.062567 user_message user_id=6499839380 chat_id=6499839380 chat_type=private username=Excel_student msg_type=ContentType.TEXT message_id=1918 text=/serial 1
2026-02-13T07:15:43.062793 serial_request user_id=6499839380 query=1
2026-02-13T07:15:48.180909 user_message user_id=6499839380 chat_id=6499839380 chat_type=private username=Excel_student msg_type=ContentType.TEXT message_id=1919 text=/admin
2026-02-13T07:15:50.022349 user_action user_id=6499839380 chat_id=6499839380 username=Excel_student data=admin:stats message_id=1920
2026-02-13T07:15:53.071212 user_action user_id=6499839380 chat_id=6499839380 username=Excel_student data=admin:back message_id=1920
2026-02-13T07:15:55.861965 user_action user_id=6499839380 chat_id=6499839380 username=Excel_student data=admin:logs message_id=1920
2026-02-13T07:15:58.120700 user_action user_id=6499839380 chat_id=6499839380 username=Excel_student data=log:cancel message_id=1920
2026-02-13T07:16:00.561978 user_action user_id=6499839380 chat_id=6499839380 username=Excel_student data=admin:channels message_id=1920
2026-02-13T07:16:02.206969 user_action user_id=6499839380 chat_id=6499839380 username=Excel_student data=admin:back message_id=1920
2026-02-13T07:16:08.003521 user_action user_id=6499839380 chat_id=6499839380 username=Excel_student data=admin:addpart message_id=1920
2026-02-13T07:16:13.571133 user_message user_id=6499839380 chat_id=6499839380 chat_type=private username=Excel_student msg_type=ContentType.TEXT message_id=1921 text=/addpart 1
2026-02-13T07:16:13.726180 serial_addpart_start user_id=6499839380 serial_id=1 next_part=11
2026-02-13T07:16:16.988046 user_action user_id=6499839380 chat_id=6499839380 username=Excel_student data=serial:cancel message_id=1922
2026-02-13T07:16:20.459683 user_action user_id=6499839380 chat_id=6499839380 username=Excel_student data=admin:serials message_id=1922
2026-02-13T07:16:22.327737 user_action user_id=6499839380 chat_id=6499839380 username=Excel_student data=admin:serial:1 message_id=1922
2026-02-13T07:16:24.430967 user_action user_id=6499839380 chat_id=6499839380 username=Excel_student data=admin:serial:6 message_id=1922
2026-02-13T07:16:25.803887 user_action user_id=6499839380 chat_id=6499839380 username=Excel_student data=admin:serial:8 message_id=1922
2026-02-13T07:16:40.432281 user_action user_id=6499839380 chat_id=6499839380 username=Excel_student data=admin:serial:7 message_id=1922
2026-02-13T07:16:41.805761 user_action user_id=6499839380 chat_id=6499839380 username=Excel_student data=admin:serial:3 message_id=1922
2026-02-13T07:16:42.790782 user_action user_id=6499839380 chat_id=6499839380 username=Excel_student data=admin:serial:4 message_id=1922
2026-02-13T07:16:43.938432 user_action user_id=6499839380 chat_id=6499839380 username=Excel_student data=admin:serial:1 message_id=1922
2026-02-13T07:16:44.905443 user_action user_id=6499839380 chat_id=6499839380 username=Excel_student data=admin:serial:5 message_id=1922
2026-02-13T07:16:45.884873 user_action user_id=6499839380 chat_id=6499839380 username=Excel_student data=admin:serial:2 message_id=1922
2026-02-13T07:16:47.981467 user_action user_id=6499839380 chat_id=6499839380 username=Excel_student data=admin:back message_id=1922
2026-02-13T07:16:52.078194 user_message user_id=6499839380 chat_id=6499839380 chat_type=private username=Excel_student msg_type=ContentType.TEXT message_id=1923 text=/start
2026-02-13T07:16:52.079002 user_start user_id=6499839380
2026-02-13T07:16:54.248183 user_action user_id=6499839380 chat_id=6499839380 username=Excel_student data=user:sendcode message_id=1924
2026-02-13T07:16:57.197595 user_message user_id=6499839380 chat_id=6499839380 chat_type=private username=Excel_student msg_type=ContentType.TEXT message_id=1925 text=1
2026-02-13T07:17:15.761512 user_message user_id=6499839380 chat_id=6499839380 chat_type=private username=Excel_student msg_type=ContentType.TEXT message_id=1926 text=/start
2026-02-13T07:17:15.762280 user_start user_id=6499839380
2026-02-13T07:17:18.474702 user_action user_id=6499839380 chat_id=6499839380 username=Excel_student data=user:serials message_id=1927
2026-02-13T07:17:20.324056 user_action user_id=6499839380 chat_id=6499839380 username=Excel_student data=user:serial:6 message_id=1927
2026-02-13T07:17:21.447964 user_action user_id=6499839380 chat_id=6499839380 username=Excel_student data=user:serial:4 message_id=1927
2026-02-13T07:17:22.485590 user_action user_id=6499839380 chat_id=6499839380 username=Excel_student data=user:serial:5 message_id=1927
2026-02-13T07:17:23.550166 user_action user_id=6499839380 chat_id=6499839380 username=Excel_student data=user:serial:2 message_id=1927
2026-02-13T07:17:24.846264 user_action user_id=6499839380 chat_id=6499839380 username=Excel_student data=user:serial:1 message_id=1927
2026-02-13T07:17:27.062007 user_action user_id=6499839380 chat_id=6499839380 username=Excel_student data=user:serial:8 message_id=1927
2026-02-13T07:17:28.380303 user_action user_id=6499839380 chat_id=6499839380 username=Excel_student data=user:serial:9 message_id=1927
2026-02-13T07:17:36.925979 user_message user_id=6499839380 chat_id=6499839380 chat_type=private username=Excel_student msg_type=ContentType.TEXT message_id=1928 text=/start
2026-02-13T07:17:36.926840 user_start user_id=6499839380
2026-02-13T07:17:39.487609 user_action user_id=6499839380 chat_id=6499839380 username=Excel_student data=user:search message_id=1929
2026-02-13T07:17:45.583222 user_message user_id=6499839380 chat_id=6499839380 chat_type=private username=Excel_student msg_type=ContentType.TEXT message_id=1930 text=hislar
2026-02-13T07:18:30.328500 user_message user_id=6499839380 chat_id=6499839380 chat_type=private username=Excel_student msg_type=ContentType.TEXT message_id=1931 text=/logfile
2026-02-13T07:18:30.581366 logfile_sent user_id=6499839380
2026-02-13T07:23:08.599701 user_message user_id=6499839380 chat_id=6499839380 chat_type=private username=Excel_student msg_type=ContentType.TEXT message_id=1933 text=/start
2026-02-13T07:23:08.600749 user_start user_id=6499839380
2026-02-13T07:23:11.161108 user_action user_id=6499839380 chat_id=6499839380 username=Excel_student data=user:sendcode message_id=1934
2026-02-13T07:23:12.941266 user_message user_id=6499839380 chat_id=6499839380 chat_type=private username=Excel_student msg_type=ContentType.TEXT message_id=1935 text=1
2026-02-13T07:23:16.490734 user_message user_id=6499839380 chat_id=6499839380 chat_type=private username=Excel_student msg_type=ContentType.TEXT message_id=1936 text=/start
2026-02-13T07:23:16.492680 user_start user_id=6499839380
2026-02-13T07:23:18.529593 user_action user_id=6499839380 chat_id=6499839380 username=Excel_student data=user:serials message_id=1937
2026-02-13T07:23:23.450636 user_action user_id=6499839380 chat_id=6499839380 username=Excel_student data=user:serial:6 message_id=1937
2026-02-13T07:23:30.932655 user_message user_id=6499839380 chat_id=6499839380 chat_type=private username=Excel_student msg_type=ContentType.TEXT message_id=1938 text=/start
2026-02-13T07:23:30.933278 user_start user_id=6499839380
2026-02-13T07:23:33.451922 user_action user_id=6499839380 chat_id=6499839380 username=Excel_student data=user:search message_id=1939
2026-02-13T07:23:36.455857 user_message user_id=6499839380 chat_id=6499839380 chat_type=private username=Excel_student msg_type=ContentType.TEXT message_id=1940 text=zolushka
2026-02-13T07:23:48.356773 user_message user_id=6499839380 chat_id=6499839380 chat_type=private username=Excel_student msg_type=ContentType.TEXT message_id=1942 text=/logfile
2026-02-13T07:23:48.740738 logfile_sent user_id=6499839380
2026-02-13T07:26:08.558995 user_message user_id=6499839380 chat_id=6499839380 chat_type=private username=Excel_student msg_type=ContentType.TEXT message_id=1944 text=/start
2026-02-13T07:26:08.560104 user_start user_id=6499839380
2026-02-13T07:26:11.079198 user_action user_id=6499839380 chat_id=6499839380 username=Excel_student data=user:sendcode message_id=1945
2026-02-13T07:26:12.170539 user_message user_id=6499839380 chat_id=6499839380 chat_type=private username=Excel_student msg_type=ContentType.TEXT message_id=1946 text=1
2026-02-13T07:26:15.273649 user_message user_id=6499839380 chat_id=6499839380 chat_type=private username=Excel_student msg_type=ContentType.TEXT message_id=1947 text=/start
2026-02-13T07:26:15.276648 user_start user_id=6499839380
2026-02-13T07:26:16.921036 user_action user_id=6499839380 chat_id=6499839380 username=Excel_student data=user:serials message_id=1948
2026-02-13T07:26:18.635154 user_action user_id=6499839380 chat_id=6499839380 username=Excel_student data=user:serial:6 message_id=1948
2026-02-13T07:26:22.133035 user_action user_id=6499839380 chat_id=6499839380 username=Excel_student data=user:serial:3 message_id=1948
2026-02-13T07:26:23.768200 user_action user_id=6499839380 chat_id=6499839380 username=Excel_student data=user:serial:4 message_id=1948
2026-02-13T07:26:40.264661 user_action user_id=6499839380 chat_id=6499839380 username=Excel_student data=user:serial:8 message_id=1948
2026-02-13T07:26:41.430745 user_action user_id=6499839380 chat_id=6499839380 username=Excel_student data=user:serial:9 message_id=1948
2026-02-13T07:26:47.594091 user_message user_id=6499839380 chat_id=6499839380 chat_type=private username=Excel_student msg_type=ContentType.TEXT message_id=1949 text=/logfile
2026-02-13T07:26:47.977626 logfile_sent user_id=6499839380
2026-02-13T07:27:37.980823 user_message user_id=6499839380 chat_id=6499839380 chat_type=private username=Excel_student msg_type=ContentType.TEXT message_id=1951 text=/admin
2026-02-13T07:27:39.967696 user_action user_id=6499839380 chat_id=6499839380 username=Excel_student data=admin:stats message_id=1952
2026-02-13T07:27:51.881343 user_action user_id=6499839380 chat_id=6499839380 username=Excel_student data=admin:back message_id=1952
2026-02-13T07:27:56.146435 user_action user_id=6499839380 chat_id=6499839380 username=Excel_student data=admin:users message_id=1952
2026-02-13T07:27:58.260253 user_action user_id=6499839380 chat_id=6499839380 username=Excel_student data=admin:back message_id=1952
2026-02-13T07:27:59.941487 user_action user_id=6499839380 chat_id=6499839380 username=Excel_student data=admin:serials message_id=1952
2026-02-13T07:28:02.634344 user_action user_id=6499839380 chat_id=6499839380 username=Excel_student data=admin:serial:9 message_id=1952
2026-02-13T07:28:05.974072 user_action user_id=6499839380 chat_id=6499839380 username=Excel_student data=admin:serial:6 message_id=1952
2026-02-13T07:28:43.256751 user_message user_id=6499839380 chat_id=6499839380 chat_type=private username=Excel_student msg_type=ContentType.TEXT message_id=1953 text=/start
2026-02-13T07:28:43.257595 user_start user_id=6499839380
2026-02-13T07:28:45.665040 user_action user_id=6499839380 chat_id=6499839380 username=Excel_student data=user:serials message_id=1954
2026-02-13T07:28:47.666897 user_action user_id=6499839380 chat_id=6499839380 username=Excel_student data=user:serial:4 message_id=1954
2026-02-13T07:28:48.057842 send_video_error user_id=6543458177 file_id=BAACAgQAAxkBAAIF3WmN1vx_f_u97RoVBWnu6S-P5bnKAALqHAACewFwUNe6jSNXotr4OgQ
2026-02-13T07:28:48.262852 serial_send_failed user_id=6543458177 serial_id=4 part=1
2026-02-13T07:28:58.646366 user_message user_id=6499839380 chat_id=6499839380 chat_type=private username=Excel_student msg_type=ContentType.TEXT message_id=1956 text=/start
2026-02-13T07:28:58.647516 user_start user_id=6499839380
2026-02-13T07:29:01.065576 user_action user_id=6499839380 chat_id=6499839380 username=Excel_student data=user:sendcode message_id=1957
2026-02-13T07:29:02.249842 user_message user_id=6499839380 chat_id=6499839380 chat_type=private username=Excel_student msg_type=ContentType.TEXT message_id=1958 text=1
2026-02-13T07:29:05.469179 user_action user_id=6499839380 chat_id=6499839380 username=Excel_student data=user:serial:8 message_id=1954
2026-02-13T07:29:05.775311 send_video_error user_id=6543458177 file_id=BAACAgQAAxkBAAIGg2mN4ogpceGD24r_2tKUWlC8JPQIAAIYHgACCL8xUNiDeSmXMAvnOgQ
2026-02-13T07:29:05.978598 serial_send_failed user_id=6543458177 serial_id=8 part=1
2026-02-13T07:29:09.414348 user_action user_id=6499839380 chat_id=6499839380 username=Excel_student data=user:serial:3 message_id=1954
2026-02-13T07:29:09.767071 send_video_error user_id=6543458177 file_id=BAACAgIAAxkBAAIFy2mN0wKapqmn2xJkZqIpDmZTsZcMAALTlQACbZRhS6wSyjfNH8dqOgQ
2026-02-13T07:29:09.971994 serial_send_failed user_id=6543458177 serial_id=3 part=1
2026-02-13T07:29:12.945861 user_action user_id=6499839380 chat_id=6499839380 username=Excel_student data=user:serial:8 message_id=1954
2026-02-13T07:29:13.248426 send_video_error user_id=6543458177 file_id=BAACAgQAAxkBAAIGg2mN4ogpceGD24r_2tKUWlC8JPQIAAIYHgACCL8xUNiDeSmXMAvnOgQ
2026-02-13T07:29:13.453680 serial_send_failed user_id=6543458177 serial_id=8 part=1
2026-02-13T07:29:15.949755 user_action user_id=6499839380 chat_id=6499839380 username=Excel_student data=user:serial:9 message_id=1954
2026-02-13T07:29:16.267448 send_video_error user_id=6543458177 file_id=BAACAgQAAxkBAAIGi2mN4wGbOtARZUT0n9Fs5HpOwNS9AAILGwAC1YHZUYG6nAABnrQDAToE
2026-02-13T07:29:16.438647 serial_send_failed user_id=6543458177 serial_id=9 part=1
2026-02-13T07:29:23.434820 user_message user_id=6499839380 chat_id=6499839380 chat_type=private username=Excel_student msg_type=ContentType.TEXT message_id=1963 text=/logfile
2026-02-13T07:29:23.803110 logfile_sent user_id=6499839380
2026-02-13T07:30:52.487012 user_message user_id=6499839380 chat_id=6499839380 chat_type=private username=Excel_student msg_type=ContentType.TEXT message_id=1965 text=/start
2026-02-13T07:30:52.488514 user_start user_id=6499839380
2026-02-13T07:30:55.242634 user_action user_id=6499839380 chat_id=6499839380 username=Excel_student data=user:serials message_id=1966
2026-02-13T07:30:57.003890 user_action user_id=6499839380 chat_id=6499839380 username=Excel_student data=user:serial:3 message_id=1966
2026-02-13T07:31:01.244064 user_action user_id=6499839380 chat_id=6499839380 username=Excel_student data=serialpart:3:3 message_id=1968
2026-02-13T07:31:02.381694 serial_part_sent user_id=6499839380 serial_id=3 part=3
2026-02-13T07:31:14.397621 user_action user_id=6499839380 chat_id=6499839380 username=Excel_student data=user:serial:3 message_id=1966
2026-02-13T07:31:16.262522 user_action user_id=6499839380 chat_id=6499839380 username=Excel_student data=user:serial:5 message_id=1966
2026-02-13T07:32:06.874749 user_message user_id=6499839380 chat_id=6499839380 chat_type=private username=Excel_student msg_type=ContentType.TEXT message_id=1975 text=/start
2026-02-13T07:32:06.875453 user_start user_id=6499839380
2026-02-13T07:32:09.176559 user_action user_id=6499839380 chat_id=6499839380 username=Excel_student data=user:sendcode message_id=1976
2026-02-13T07:32:10.294007 user_message user_id=6499839380 chat_id=6499839380 chat_type=private username=Excel_student msg_type=ContentType.TEXT message_id=1977 text=1
2026-02-13T07:32:13.421716 user_message user_id=6499839380 chat_id=6499839380 chat_type=private username=Excel_student msg_type=ContentType.TEXT message_id=1978 text=/start
2026-02-13T07:32:13.422694 user_start user_id=6499839380
2026-02-13T07:32:16.011800 user_action user_id=6499839380 chat_id=6499839380 username=Excel_student data=user:search message_id=1979
2026-02-13T07:32:19.124146 user_message user_id=6499839380 chat_id=6499839380 chat_type=private username=Excel_student msg_type=ContentType.TEXT message_id=1980 text=zolushka
2026-02-13T07:32:50.271069 user_message user_id=6499839380 chat_id=6499839380 chat_type=private username=Excel_student msg_type=ContentType.TEXT message_id=1981 text=/start
2026-02-13T07:32:50.272249 user_start user_id=6499839380
2026-02-13T07:32:52.696331 user_action user_id=6499839380 chat_id=6499839380 username=Excel_student data=user:serials message_id=1982
2026-02-13T07:32:55.171691 user_action user_id=6499839380 chat_id=6499839380 username=Excel_student data=user:serial:1 message_id=1982
2026-02-13T07:32:55.419141 send_video_error user_id=6543458177 file_id=BAACAgQAAxkBAAIFM2mNxKPd6IWr67C2zHDqnBSd2YbJAAJfHQACMR1YU7kU4nXEOt_6OgQ
2026-02-13T07:35:21.530971 user_message user_id=6499839380 chat_id=6499839380 chat_type=private username=Excel_student msg_type=ContentType.TEXT message_id=1985 text=/serial 1
2026-02-13T07:35:21.531141 serial_request user_id=6499839380 query=1
2026-02-13T07:35:26.753454 user_action user_id=6499839380 chat_id=6499839380 username=Excel_student data=serialpart:1:9 message_id=1986
2026-02-13T07:35:27.421568 send_video_error user_id=6543458177 file_id=BAACAgQAAyEGAATmLcYGAAMjaYiJV2_Ikgv_TCpO1WFlKGr9aDkAAsIbAAKo8CBQruKh5QgIOYg6BA
2026-02-13T07:35:27.799884 serial_part_sent user_id=6499839380 serial_id=1 part=9
2026-02-13T07:35:30.497510 user_action user_id=6499839380 chat_id=6499839380 username=Excel_student data=serialpart:1:10 message_id=1988
2026-02-13T07:35:31.730490 send_video_error user_id=6543458177 file_id=BAACAgQAAxkBAAIEPWmJ5bJ3yXbpB9d-RPQnCPqlUZk_AAKoGgACXb5QUOxqUiUp9V3AOgQ
2026-02-13T07:35:32.077058 serial_part_sent user_id=6499839380 serial_id=1 part=10
2026-02-13T07:35:39.613974 user_action user_id=6499839380 chat_id=6499839380 username=Excel_student data=serialpart:1:7 message_id=1990
2026-02-13T07:35:40.733911 send_video_error user_id=6543458177 file_id=BAACAgQAAxkBAAIFP2mNxQJkMQ4TRLesCWxIJF94lGQ3AAKmGwACqPAgUFt16XOXCxH1OgQ
2026-02-13T07:35:41.197304 serial_part_sent user_id=6499839380 serial_id=1 part=7
2026-02-13T07:35:43.503195 user_action user_id=6499839380 chat_id=6499839380 username=Excel_student data=serialpart:1:1 message_id=1992
2026-02-13T07:35:44.289069 serial_part_sent user_id=6499839380 serial_id=1 part=1
2026-02-13T07:35:47.915882 user_action user_id=6499839380 chat_id=6499839380 username=Excel_student data=serialpart:1:2 message_id=1993
2026-02-13T07:35:48.516587 send_video_error user_id=6543458177 file_id=BAACAgQAAxkBAAIFNWmNxLbJyzo9x5oxyaqq7D-pnBvUAAJgHQACMR1YUxV5NC4KCZHoOgQ
2026-02-13T07:35:48.859034 serial_part_sent user_id=6499839380 serial_id=1 part=2
2026-02-13T07:36:11.560645 user_message user_id=6499839380 chat_id=6499839380 chat_type=private username=Excel_student msg_type=ContentType.TEXT message_id=1996 text=/serial 3
2026-02-13T07:36:11.560863 serial_request user_id=6499839380 query=3
2026-02-13T07:36:14.837962 user_action user_id=6499839380 chat_id=6499839380 username=Excel_student data=serialpart:3:8 message_id=1997
2026-02-13T07:36:15.472736 send_video_error user_id=6543458177 file_id=BAACAgIAAxkBAAIF2WmN1TTyAAHVrs5EElTwQ9z-kDatBwAC5JcAAtM8aUhWr1XT8nShLDoE
2026-02-13T07:36:15.795287 serial_part_sent user_id=6499839380 serial_id=3 part=8
2026-02-13T07:36:55.078754 user_message user_id=6499839380 chat_id=6499839380 chat_type=private username=Excel_student msg_type=ContentType.TEXT message_id=2000 text=/start
2026-02-13T07:36:55.079683 user_start user_id=6499839380
2026-02-13T07:36:57.562995 user_action user_id=6499839380 chat_id=6499839380 username=Excel_student data=user:sendcode message_id=2001
2026-02-13T07:36:58.844007 user_message user_id=6499839380 chat_id=6499839380 chat_type=private username=Excel_student msg_type=ContentType.TEXT message_id=2002 text=1
2026-02-13T07:37:01.883633 user_message user_id=6499839380 chat_id=6499839380 chat_type=private username=Excel_student msg_type=ContentType.TEXT message_id=2003 text=2
2026-02-13T07:37:02.902030 user_message user_id=6499839380 chat_id=6499839380 chat_type=private username=Excel_student msg_type=ContentType.TEXT message_id=2004 text=342
2026-02-13T07:37:05.846622 user_message user_id=6499839380 chat_id=6499839380 chat_type=private username=Excel_student msg_type=ContentType.TEXT message_id=2005 text=/start
2026-02-13T07:37:05.847391 user_start user_id=6499839380
2026-02-13T07:37:08.290917 user_action user_id=6499839380 chat_id=6499839380 username=Excel_student data=user:search message_id=2006
2026-02-13T07:37:14.231653 user_message user_id=6499839380 chat_id=6499839380 chat_type=private username=Excel_student msg_type=ContentType.TEXT message_id=2007 text=zolushka
2026-02-13T07:37:17.504521 user_action user_id=6499839380 chat_id=6499839380 username=Excel_student data=user:search_cancel message_id=2006
2026-02-13T07:37:19.555872 user_action user_id=6499839380 chat_id=6499839380 username=Excel_student data=user:serials message_id=2006
2026-02-13T07:37:21.578494 user_action user_id=6499839380 chat_id=6499839380 username=Excel_student data=user:serial:5 message_id=2006
2026-02-13T07:37:24.422433 user_action user_id=6499839380 chat_id=6499839380 username=Excel_student data=user:serial:8 message_id=2006
2026-02-13T07:37:24.773077 send_video_error user_id=6543458177 file_id=BAACAgQAAxkBAAIGg2mN4ogpceGD24r_2tKUWlC8JPQIAAIYHgACCL8xUNiDeSmXMAvnOgQ
2026-02-13T07:37:32.661221 user_action user_id=6499839380 chat_id=6499839380 username=Excel_student data=user:serial:2 message_id=2006
2026-02-13T07:37:32.971028 send_video_error user_id=6543458177 file_id=BAACAgQAAxkBAAIEgmmKHRGXxTSgT6C_BrbqgpsCPN3rAAJSHwACYNoBUDnnHo-QMKjFOgQ
2026-02-13T07:37:36.199714 user_action user_id=6499839380 chat_id=6499839380 username=Excel_student data=serialpart:2:4 message_id=2012
2026-02-13T07:37:36.768983 send_video_error user_id=6543458177 file_id=BAACAgQAAxkBAAIEiGmKHUS06CbOj5gIzvxa_vHG-QShAAKnHQACpeNQUFHfLDTxQvH0OgQ
2026-02-13T07:37:37.144221 serial_part_sent user_id=6499839380 serial_id=2 part=4
2026-02-13T07:37:52.425616 user_message user_id=6499839380 chat_id=6499839380 chat_type=private username=Excel_student msg_type=ContentType.TEXT message_id=2015 text=/start
2026-02-13T07:37:52.426443 user_start user_id=6499839380
2026-02-13T07:37:54.498526 user_action user_id=6499839380 chat_id=6499839380 username=Excel_student data=user:sendcode message_id=2016
2026-02-13T07:37:56.604737 user_message user_id=6499839380 chat_id=6499839380 chat_type=private username=Excel_student msg_type=ContentType.TEXT message_id=2017 text=2
2026-02-13T07:37:58.506006 user_message user_id=6499839380 chat_id=6499839380 chat_type=private username=Excel_student msg_type=ContentType.TEXT message_id=2018 text=1
2026-02-13T07:37:59.495771 user_message user_id=6499839380 chat_id=6499839380 chat_type=private username=Excel_student msg_type=ContentType.TEXT message_id=2019 text=3
2026-02-13T07:38:00.253339 user_message user_id=6499839380 chat_id=6499839380 chat_type=private username=Excel_student msg_type=ContentType.TEXT message_id=2020 text=4
2026-02-13T07:38:07.068840 user_message user_id=6499839380 chat_id=6499839380 chat_type=private username=Excel_student msg_type=ContentType.TEXT message_id=2021 text=/logfile
2026-02-13T07:38:07.371296 logfile_sent user_id=6499839380
2026-02-13T07:40:04.208051 user_message user_id=6499839380 chat_id=6499839380 chat_type=private username=Excel_student msg_type=ContentType.TEXT message_id=2023 text=/start
2026-02-13T07:40:04.208972 user_start user_id=6499839380
2026-02-13T07:40:05.958597 user_action user_id=6499839380 chat_id=6499839380 username=Excel_student data=user:sendcode message_id=2024
2026-02-13T07:40:07.799810 user_message user_id=6499839380 chat_id=6499839380 chat_type=private username=Excel_student msg_type=ContentType.TEXT message_id=2025 text=1
2026-02-13T07:40:09.758462 user_message user_id=6499839380 chat_id=6499839380 chat_type=private username=Excel_student msg_type=ContentType.TEXT message_id=2026 text=/start
2026-02-13T07:40:09.759647 user_start user_id=6499839380
2026-02-13T07:40:12.488860 user_action user_id=6499839380 chat_id=6499839380 username=Excel_student data=user:serials message_id=2027
2026-02-13T07:40:17.936808 user_action user_id=6499839380 chat_id=6499839380 username=Excel_student data=user:serial:4 message_id=2027
2026-02-13T07:40:18.184613 send_video_error user_id=6543458177 file_id=BAACAgQAAxkBAAIF3WmN1vx_f_u97RoVBWnu6S-P5bnKAALqHAACewFwUNe6jSNXotr4OgQ
2026-02-13T07:40:21.430574 user_action user_id=6499839380 chat_id=6499839380 username=Excel_student data=serialpart:4:17 message_id=2029
2026-02-13T07:40:22.162971 send_video_error user_id=6543458177 file_id=BAACAgQAAxkBAAIF_WmN2y1mZvuzrSJ1Eko77wrBxNNoAAL4HAACewFwUCWyOeK5coXOOgQ
2026-02-13T07:40:22.481610 serial_part_sent user_id=6499839380 serial_id=4 part=17
2026-02-13T07:40:26.744583 user_action user_id=6499839380 chat_id=6499839380 username=Excel_student data=serialpart:4:12 message_id=2031
2026-02-13T07:40:27.568774 send_video_error user_id=6543458177 file_id=BAACAgIAAxkBAAIF82mN2kL3KIetbCMeOSF5R5nD34boAAKFjgAC_FVxSFEEWxhuiilQOgQ
2026-02-13T07:40:27.897900 serial_part_sent user_id=6499839380 serial_id=4 part=12
2026-02-13T07:40:34.770873 user_action user_id=6499839380 chat_id=6499839380 username=Excel_student data=user:serial:5 message_id=2027
2026-02-13T07:40:42.149088 user_action user_id=6499839380 chat_id=6499839380 username=Excel_student data=user:serial:6 message_id=2027
2026-02-13T07:40:42.400166 send_video_error user_id=6543458177 file_id=BAACAgQAAxkBAAIGLGmN3mw5Ks3VkWiE1XcF9s5bCB2QAAJmGAACpW3JUDDznIZi2ospOgQ
2026-02-13T07:40:49.129461 user_action user_id=6499839380 chat_id=6499839380 username=Excel_student data=user:serial:7 message_id=2027
2026-02-13T07:40:49.400294 send_video_error user_id=6543458177 file_id=BAACAgQAAxkBAAIGU2mN320_zvj5sFl9Mx6DfjyR4erzAAJfJgACsD7JUX5LzQfcJ7mjOgQ
2026-02-13T07:40:56.338098 user_action user_id=6499839380 chat_id=6499839380 username=Excel_student data=user:serial:8 message_id=2027
2026-02-13T07:41:01.463057 user_action user_id=6499839380 chat_id=6499839380 username=Excel_student data=serialpart:8:2 message_id=2039
2026-02-13T07:41:02.296531 send_video_error user_id=6543458177 file_id=BAACAgQAAxkBAAIGhWmN4pSpyzO4y3QNRi6j6TAkSj9UAAKVIwAC--k4UNM1EUT6UBEPOgQ
2026-02-13T07:41:02.646530 serial_part_sent user_id=6499839380 serial_id=8 part=2
2026-02-13T07:41:09.020183 user_action user_id=6499839380 chat_id=6499839380 username=Excel_student data=user:serial:9 message_id=2027
2026-02-13T07:41:09.340688 send_video_error user_id=6543458177 file_id=BAACAgQAAxkBAAIGi2mN4wGbOtARZUT0n9Fs5HpOwNS9AAILGwAC1YHZUYG6nAABnrQDAToE
2026-02-13T07:41:13.246108 user_action user_id=6499839380 chat_id=6499839380 username=Excel_student data=serialpart:9:9 message_id=2043
2026-02-13T07:41:14.049192 send_video_error user_id=6543458177 file_id=BAACAgQAAxkBAAIGm2mN4zXSc5B4YdKAsLT_fsAofV5iAAIHGgACnyaRUnEVq6tPoo3hOgQ
2026-02-13T07:41:14.438904 serial_part_sent user_id=6499839380 serial_id=9 part=9
2026-02-13T07:41:16.307251 user_action user_id=6499839380 chat_id=6499839380 username=Excel_student data=serialpart:9:2 message_id=2045
2026-02-13T07:41:16.916591 send_video_error user_id=6543458177 file_id=BAACAgQAAxkBAAIGjWmN4wgFdqFyHpUXJ1uqv4rV0dt4AAI_HQACllfZUcpwQGFKLNHSOgQ
2026-02-13T07:41:17.261810 serial_part_sent user_id=6499839380 serial_id=9 part=2
2026-02-13T07:41:19.119139 user_action user_id=6499839380 chat_id=6499839380 username=Excel_student data=serialpart:9:3 message_id=2047
2026-02-13T07:41:19.994034 send_video_error user_id=6543458177 file_id=BAACAgQAAxkBAAIGj2mN4w_mZaQzqXPUxTTvk_wUB1ZQAAIQGwAC1YHZURv6CvQbizu4OgQ
2026-02-13T07:41:20.399108 serial_part_sent user_id=6499839380 serial_id=9 part=3
2026-02-13T07:41:22.154096 user_action user_id=6499839380 chat_id=6499839380 username=Excel_student data=serialpart:9:4 message_id=2049
2026-02-13T07:41:22.720140 send_video_error user_id=6543458177 file_id=BAACAgQAAxkBAAIGkWmN4xUwglquGh6hg_NmzWi8xFkrAAJGHQACllfZUctONp7w5aK1OgQ
2026-02-13T07:41:23.042797 serial_part_sent user_id=6499839380 serial_id=9 part=4
2026-02-13T07:41:25.010596 user_action user_id=6499839380 chat_id=6499839380 username=Excel_student data=serialpart:9:5 message_id=2051
2026-02-13T07:41:25.588120 send_video_error user_id=6543458177 file_id=BAACAgQAAxkBAAIGk2mN4xs-K7-r1wI8jBjOgwXdVbeoAALEGwACkkkRUrAz4PKx2-8fOgQ
2026-02-13T07:41:25.979765 serial_part_sent user_id=6499839380 serial_id=9 part=5
2026-02-13T07:41:48.531208 user_message user_id=6499839380 chat_id=6499839380 chat_type=private username=Excel_student msg_type=ContentType.TEXT message_id=2054 text=/start
2026-02-13T07:41:48.532384 user_start user_id=6499839380
2026-02-13T07:41:50.710782 user_action user_id=6499839380 chat_id=6499839380 username=Excel_student data=user:serials message_id=2055
2026-02-13T07:41:52.453731 user_action user_id=6499839380 chat_id=6499839380 username=Excel_student data=user:serial:6 message_id=2055
2026-02-13T07:41:54.773563 user_action user_id=6499839380 chat_id=6499839380 username=Excel_student data=serialpart:6:12 message_id=2056
2026-02-13T07:41:55.661969 serial_part_sent user_id=6499839380 serial_id=6 part=12
2026-02-13T07:41:58.496669 user_action user_id=6499839380 chat_id=6499839380 username=Excel_student data=serialpart:6:8 message_id=2057
2026-02-13T07:41:59.242635 serial_part_sent user_id=6499839380 serial_id=6 part=8
2026-02-13T07:42:06.596100 user_action user_id=6499839380 chat_id=6499839380 username=Excel_student data=serialpart:6:2 message_id=2058
2026-02-13T07:42:07.401661 serial_part_sent user_id=6499839380 serial_id=6 part=2
2026-02-13T07:42:09.513056 user_action user_id=6499839380 chat_id=6499839380 username=Excel_student data=serialpart:6:4 message_id=2059
2026-02-13T07:42:10.354505 serial_part_sent user_id=6499839380 serial_id=6 part=4
2026-02-13T07:42:12.425232 user_action user_id=6499839380 chat_id=6499839380 username=Excel_student data=serialpart:6:5 message_id=2060
2026-02-13T07:42:13.159057 serial_part_sent user_id=6499839380 serial_id=6 part=5
2026-02-13T07:42:14.792286 user_action user_id=6499839380 chat_id=6499839380 username=Excel_student data=serialpart:6:6 message_id=2061
2026-02-13T07:42:15.508739 serial_part_sent user_id=6499839380 serial_id=6 part=6
2026-02-13T07:42:17.546702 user_action user_id=6499839380 chat_id=6499839380 username=Excel_student data=serialpart:6:7 message_id=2062
2026-02-13T07:42:18.327259 serial_part_sent user_id=6499839380 serial_id=6 part=7
2026-02-13T07:42:19.936826 user_action user_id=6499839380 chat_id=6499839380 username=Excel_student data=serialpart:6:8 message_id=2063
2026-02-13T07:42:20.636108 serial_part_sent user_id=6499839380 serial_id=6 part=8
2026-02-13T07:42:22.047699 user_action user_id=6499839380 chat_id=6499839380 username=Excel_student data=serialpart:6:9 message_id=2064
2026-02-13T07:42:22.795629 serial_part_sent user_id=6499839380 serial_id=6 part=9
2026-02-13T07:42:24.510326 user_action user_id=6499839380 chat_id=6499839380 username=Excel_student data=serialpart:6:10 message_id=2065
2026-02-13T07:42:25.243241 serial_part_sent user_id=6499839380 serial_id=6 part=10
2026-02-13T07:42:26.978180 user_action user_id=6499839380 chat_id=6499839380 username=Excel_student data=serialpart:6:11 message_id=2066
2026-02-13T07:42:27.731258 serial_part_sent user_id=6499839380 serial_id=6 part=11
2026-02-13T07:42:29.580417 user_action user_id=6499839380 chat_id=6499839380 username=Excel_student data=serialpart:6:12 message_id=2067
2026-02-13T07:42:30.263028 serial_part_sent user_id=6499839380 serial_id=6 part=12
2026-02-13T07:42:32.180425 user_action user_id=6499839380 chat_id=6499839380 username=Excel_student data=serialpart:6:1 message_id=2068
2026-02-13T07:42:32.890522 serial_part_sent user_id=6499839380 serial_id=6 part=1
2026-02-13T07:42:34.439038 user_action user_id=6499839380 chat_id=6499839380 username=Excel_student data=serialpart:6:2 message_id=2069
2026-02-13T07:42:35.114907 serial_part_sent user_id=6499839380 serial_id=6 part=2
2026-02-13T07:42:36.795346 user_action user_id=6499839380 chat_id=6499839380 username=Excel_student data=serialpart:6:3 message_id=2070
2026-02-13T07:42:37.547351 serial_part_sent user_id=6499839380 serial_id=6 part=3
2026-02-13T07:42:43.107602 user_message user_id=6499839380 chat_id=6499839380 chat_type=private username=Excel_student msg_type=ContentType.TEXT message_id=2072 text=/start
2026-02-13T07:42:43.108993 user_start user_id=6499839380
2026-02-13T07:42:45.077128 user_action user_id=6499839380 chat_id=6499839380 username=Excel_student data=user:sendcode message_id=2073
2026-02-13T07:42:46.242407 user_message user_id=6499839380 chat_id=6499839380 chat_type=private username=Excel_student msg_type=ContentType.TEXT message_id=2074 text=1
2026-02-13T07:44:49.124519 user_message user_id=6499839380 chat_id=6499839380 chat_type=private username=Excel_student msg_type=ContentType.TEXT message_id=2075 text=/start
2026-02-13T07:44:49.125641 user_start user_id=6499839380
2026-02-13T07:44:54.213651 user_message user_id=6499839380 chat_id=6499839380 chat_type=private username=Excel_student msg_type=ContentType.TEXT message_id=2077 text=Seriallar ro'yxati
2026-02-13T07:45:00.184899 user_message user_id=6499839380 chat_id=6499839380 chat_type=private username=Excel_student msg_type=ContentType.TEXT message_id=2078 text=Serial kodini yuborish
2026-02-13T07:45:02.478239 user_message user_id=6499839380 chat_id=6499839380 chat_type=private username=Excel_student msg_type=ContentType.TEXT message_id=2079 text=1
2026-02-13T07:45:07.190182 user_message user_id=6499839380 chat_id=6499839380 chat_type=private username=Excel_student msg_type=ContentType.TEXT message_id=2080 text=Serial qidirish
2026-02-13T07:45:10.495604 user_message user_id=6499839380 chat_id=6499839380 chat_type=private username=Excel_student msg_type=ContentType.TEXT message_id=2081 text=Serial kodini yuborish
2026-02-13T07:45:10.701086 user_message user_id=6499839380 chat_id=6499839380 chat_type=private username=Excel_student msg_type=ContentType.TEXT message_id=2082 text=Serial kodini yuborish
2026-02-13T07:45:10.906595 user_message user_id=6499839380 chat_id=6499839380 chat_type=private username=Excel_student msg_type=ContentType.TEXT message_id=2083 text=Serial kodini yuborish
2026-02-13T07:45:11.053244 user_message user_id=6499839380 chat_id=6499839380 chat_type=private username=Excel_student msg_type=ContentType.TEXT message_id=2084 text=Serial kodini yuborish
2026-02-13T07:45:11.214071 user_message user_id=6499839380 chat_id=6499839380 chat_type=private username=Excel_student msg_type=ContentType.TEXT message_id=2085 text=Serial kodini yuborish
2026-02-13T07:45:11.322221 user_message user_id=6499839380 chat_id=6499839380 chat_type=private username=Excel_student msg_type=ContentType.TEXT message_id=2086 text=Serial kodini yuborish
2026-02-13T07:45:11.428761 user_message user_id=6499839380 chat_id=6499839380 chat_type=private username=Excel_student msg_type=ContentType.TEXT message_id=2087 text=Serial kodini yuborish
2026-02-13T07:45:19.058796 user_message user_id=6499839380 chat_id=6499839380 chat_type=private username=Excel_student msg_type=ContentType.TEXT message_id=2088 text=/logfile
2026-02-13T07:45:19.608852 logfile_sent user_id=6499839380
2026-02-13T07:46:36.410592 user_message user_id=6499839380 chat_id=6499839380 chat_type=private username=Excel_student msg_type=ContentType.TEXT message_id=2090 text=/serial 1
2026-02-13T07:46:36.410768 serial_request user_id=6499839380 query=1
2026-02-13T07:46:38.882172 user_action user_id=6499839380 chat_id=6499839380 username=Excel_student data=serialpart:1:9 message_id=2091
2026-02-13T07:46:39.719257 serial_part_sent user_id=6499839380 serial_id=1 part=9
2026-02-13T07:46:42.349096 user_action user_id=6499839380 chat_id=6499839380 username=Excel_student data=serialpart:1:10 message_id=2092
2026-02-13T07:46:43.410291 serial_part_sent user_id=6499839380 serial_id=1 part=10
2026-02-13T07:47:22.500146 user_message user_id=6499839380 chat_id=6499839380 chat_type=private username=Excel_student msg_type=ContentType.TEXT message_id=2094 text=/start
2026-02-13T07:47:22.501047 user_start user_id=6499839380
2026-02-13T07:47:24.863898 user_message user_id=6499839380 chat_id=6499839380 chat_type=private username=Excel_student msg_type=ContentType.TEXT message_id=2096 text=Serial kodini yuborish
2026-02-13T07:47:26.611169 user_message user_id=6499839380 chat_id=6499839380 chat_type=private username=Excel_student msg_type=ContentType.TEXT message_id=2097 text=1
2026-02-13T07:47:30.886970 user_message user_id=6499839380 chat_id=6499839380 chat_type=private username=Excel_student msg_type=ContentType.TEXT message_id=2098 text=Seriallar ro'yxati
2026-02-13T07:47:33.140209 user_message user_id=6499839380 chat_id=6499839380 chat_type=private username=Excel_student msg_type=ContentType.TEXT message_id=2099 text=Seriallar ro'yxati
2026-02-13T07:47:33.310658 user_message user_id=6499839380 chat_id=6499839380 chat_type=private username=Excel_student msg_type=ContentType.TEXT message_id=2100 text=Seriallar ro'yxati
2026-02-13T07:47:33.450983 user_message user_id=6499839380 chat_id=6499839380 chat_type=private username=Excel_student msg_type=ContentType.TEXT message_id=2101 text=Seriallar ro'yxati
2026-02-13T07:47:33.606892 user_message user_id=6499839380 chat_id=6499839380 chat_type=private username=Excel_student msg_type=ContentType.TEXT message_id=2102 text=Seriallar ro'yxati
2026-02-13T07:47:33.787964 user_message user_id=6499839380 chat_id=6499839380 chat_type=private username=Excel_student msg_type=ContentType.TEXT message_id=2103 text=Seriallar ro'yxati
2026-02-13T07:47:33.952837 user_message user_id=6499839380 chat_id=6499839380 chat_type=private username=Excel_student msg_type=ContentType.TEXT message_id=2104 text=Seriallar ro'yxati
2026-02-13T07:49:22.104187 user_message user_id=6499839380 chat_id=6499839380 chat_type=private username=Excel_student msg_type=ContentType.TEXT message_id=2105 text=/start
2026-02-13T07:49:22.104636 user_start user_id=6499839380
2026-02-13T07:49:24.270544 user_action user_id=6499839380 chat_id=6499839380 username=Excel_student data=user:sendcode message_id=2106
2026-02-13T07:49:25.319696 user_message user_id=6499839380 chat_id=6499839380 chat_type=private username=Excel_student msg_type=ContentType.TEXT message_id=2107 text=1
2026-02-13T07:49:27.316497 user_message user_id=6499839380 chat_id=6499839380 chat_type=private username=Excel_student msg_type=ContentType.TEXT message_id=2108 text=/start
2026-02-13T07:49:27.317028 user_start user_id=6499839380
2026-02-13T07:49:29.265085 user_action user_id=6499839380 chat_id=6499839380 username=Excel_student data=user:serials message_id=2109
2026-02-13T07:49:34.453498 user_message user_id=6499839380 chat_id=6499839380 chat_type=private username=Excel_student msg_type=ContentType.TEXT message_id=2111 text=8 - Bizning olam
2026-02-13T07:49:46.546054 user_message user_id=6499839380 chat_id=6499839380 chat_type=private username=Excel_student msg_type=ContentType.TEXT message_id=2112 text=3 - Men Bugundan Insonman
2026-02-13T07:49:50.574132 user_message user_id=6499839380 chat_id=6499839380 chat_type=private username=Excel_student msg_type=ContentType.TEXT message_id=2113 text=9 - Yovuz ruh
2026-02-13T07:49:55.212791 user_message user_id=6499839380 chat_id=6499839380 chat_type=private username=Excel_student msg_type=ContentType.TEXT message_id=2114 text=Ortga
2026-02-13T07:49:58.753841 user_message user_id=6499839380 chat_id=6499839380 chat_type=private username=Excel_student msg_type=ContentType.TEXT message_id=2115 text=2 - Zolushka va to'rt ritsar
2026-02-13T07:50:07.547455 user_message user_id=6499839380 chat_id=6499839380 chat_type=private username=Excel_student msg_type=ContentType.TEXT message_id=2116 text=/logfile
2026-02-13T07:50:07.947938 logfile_sent user_id=6499839380
2026-02-13T07:51:16.070074 user_message user_id=6499839380 chat_id=6499839380 chat_type=private username=Excel_student msg_type=ContentType.TEXT message_id=2118 text=/admin
2026-02-13T07:51:20.723219 user_action user_id=6499839380 chat_id=6499839380 username=Excel_student data=admin:users message_id=2119
2026-02-13T07:51:22.578620 user_action user_id=6499839380 chat_id=6499839380 username=Excel_student data=admin:back message_id=2119
2026-02-13T07:51:24.566636 user_action user_id=6499839380 chat_id=6499839380 username=Excel_student data=admin:serials message_id=2119
2026-02-13T07:51:26.277423 user_action user_id=6499839380 chat_id=6499839380 username=Excel_student data=admin:serial:7 message_id=2119
2026-02-13T07:51:29.305934 user_action user_id=6499839380 chat_id=6499839380 username=Excel_student data=serialpart:7:9 message_id=2120
2026-02-13T07:51:30.122977 serial_part_sent user_id=6499839380 serial_id=7 part=9
2026-02-13T07:51:55.928206 user_message user_id=6499839380 chat_id=6499839380 chat_type=private username=Excel_student msg_type=ContentType.TEXT message_id=2122 text=/start
2026-02-13T07:51:55.929440 user_start user_id=6499839380
2026-02-13T07:52:04.829388 user_action user_id=6499839380 chat_id=6499839380 username=Excel_student data=user:serials message_id=2123
2026-02-13T07:52:06.786940 user_message user_id=6499839380 chat_id=6499839380 chat_type=private username=Excel_student msg_type=ContentType.TEXT message_id=2125 text=1 - Bahoriy hislar
2026-02-13T07:52:09.228021 user_message user_id=6499839380 chat_id=6499839380 chat_type=private username=Excel_student msg_type=ContentType.TEXT message_id=2126 text=2 - Zolushka va to'rt ritsar
2026-02-13T07:52:11.666457 user_message user_id=6499839380 chat_id=6499839380 chat_type=private username=Excel_student msg_type=ContentType.TEXT message_id=2127 text=3 - Men Bugundan Insonman
2026-02-13T07:52:15.007860 user_message user_id=6499839380 chat_id=6499839380 chat_type=private username=Excel_student msg_type=ContentType.TEXT message_id=2128 text=9 - Yovuz ruh
2026-02-13T07:52:15.706423 user_message user_id=6499839380 chat_id=6499839380 chat_type=private username=Excel_student msg_type=ContentType.TEXT message_id=2129 text=9 - Yovuz ruh
2026-02-13T07:52:17.183719 user_message user_id=6499839380 chat_id=6499839380 chat_type=private username=Excel_student msg_type=ContentType.TEXT message_id=2130 text=8 - Bizning olam
2026-02-13T07:52:18.162627 user_message user_id=6499839380 chat_id=6499839380 chat_type=private username=Excel_student msg_type=ContentType.TEXT message_id=2131 text=7 - Trigger
2026-02-13T07:52:20.082561 user_message user_id=6499839380 chat_id=6499839380 chat_type=private username=Excel_student msg_type=ContentType.TEXT message_id=2132 text=1 - Bahoriy hislar
2026-02-13T07:52:40.410024 user_message user_id=6499839380 chat_id=6499839380 chat_type=private username=Excel_student msg_type=ContentType.TEXT message_id=2133 text=Ortga
2026-02-13T07:52:44.495350 user_message user_id=6499839380 chat_id=6499839380 chat_type=private username=Excel_student msg_type=ContentType.TEXT message_id=2134 text=/start
2026-02-13T07:52:44.496356 user_start user_id=6499839380
2026-02-13T07:52:46.749073 user_action user_id=6499839380 chat_id=6499839380 username=Excel_student data=user:sendcode message_id=2135
2026-02-13T07:52:47.944982 user_message user_id=6499839380 chat_id=6499839380 chat_type=private username=Excel_student msg_type=ContentType.TEXT message_id=2136 text=1
2026-02-13T07:53:02.255598 user_message user_id=6499839380 chat_id=6499839380 chat_type=private username=Excel_student msg_type=ContentType.TEXT message_id=2137 text=/logfile
2026-02-13T07:53:02.643464 logfile_sent user_id=6499839380
2026-02-13T08:15:11.268394 user_message user_id=6499839380 chat_id=6499839380 chat_type=private username=Excel_student msg_type=ContentType.TEXT message_id=2139 text=/start
2026-02-13T08:15:11.268892 user_start user_id=6499839380
2026-02-13T08:15:14.144484 user_action user_id=6499839380 chat_id=6499839380 username=Excel_student data=user:serials message_id=2140
2026-02-13T08:15:16.146928 user_message user_id=6499839380 chat_id=6499839380 chat_type=private username=Excel_student msg_type=ContentType.TEXT message_id=2142 text=1 - Bahoriy hislar
2026-02-13T08:15:18.988579 user_message user_id=6499839380 chat_id=6499839380 chat_type=private username=Excel_student msg_type=ContentType.TEXT message_id=2143 text=2 - Zolushka va to'rt ritsar
2026-02-13T08:15:19.197212 user_message user_id=6499839380 chat_id=6499839380 chat_type=private username=Excel_student msg_type=ContentType.TEXT message_id=2144 text=2 - Zolushka va to'rt ritsar
2026-02-13T08:15:19.410775 user_message user_id=6499839380 chat_id=6499839380 chat_type=private username=Excel_student msg_type=ContentType.TEXT message_id=2145 text=2 - Zolushka va to'rt ritsar
2026-02-13T08:15:20.033515 user_message user_id=6499839380 chat_id=6499839380 chat_type=private username=Excel_student msg_type=ContentType.TEXT message_id=2146 text=2 - Zolushka va to'rt ritsar
2026-02-13T08:15:20.244947 user_message user_id=6499839380 chat_id=6499839380 chat_type=private username=Excel_student msg_type=ContentType.TEXT message_id=2147 text=2 - Zolushka va to'rt ritsar
2026-02-13T08:15:20.245538 user_message user_id=6499839380 chat_id=6499839380 chat_type=private username=Excel_student msg_type=ContentType.TEXT message_id=2148 text=2 - Zolushka va to'rt ritsar
2026-02-13T08:15:20.246033 user_message user_id=6499839380 chat_id=6499839380 chat_type=private username=Excel_student msg_type=ContentType.TEXT message_id=2149 text=2 - Zolushka va to'rt ritsar
2026-02-13T08:15:20.448033 user_message user_id=6499839380 chat_id=6499839380 chat_type=private username=Excel_student msg_type=ContentType.TEXT message_id=2150 text=2 - Zolushka va to'rt ritsar
2026-02-13T08:15:22.552378 user_message user_id=6499839380 chat_id=6499839380 chat_type=private username=Excel_student msg_type=ContentType.TEXT message_id=2151 text=3 - Men Bugundan Insonman
2026-02-13T08:15:25.768485 user_action user_id=6499839380 chat_id=6499839380 username=Excel_student data=user:sendcode message_id=2140
2026-02-13T08:17:16.987733 user_message user_id=6499839380 chat_id=6499839380 chat_type=private username=Excel_student msg_type=ContentType.TEXT message_id=2152 text=/start
2026-02-13T08:17:16.988724 user_start user_id=6499839380
2026-02-13T08:17:19.397291 user_action user_id=6499839380 chat_id=6499839380 username=Excel_student data=user:serials message_id=2153
2026-02-13T08:17:21.374766 user_message user_id=6499839380 chat_id=6499839380 chat_type=private username=Excel_student msg_type=ContentType.TEXT message_id=2155 text=Bahoriy hislar
2026-02-13T08:17:25.885582 user_message user_id=6499839380 chat_id=6499839380 chat_type=private username=Excel_student msg_type=ContentType.TEXT message_id=2156 text=Zolushka va to'rt ritsar
2026-02-13T08:17:27.421943 user_message user_id=6499839380 chat_id=6499839380 chat_type=private username=Excel_student msg_type=ContentType.TEXT message_id=2157 text=Men Bugundan Insonman
2026-02-13T08:18:58.703431 user_message user_id=6499839380 chat_id=6499839380 chat_type=private username=Excel_student msg_type=ContentType.TEXT message_id=2158 text=/start
2026-02-13T08:18:58.704729 user_start user_id=6499839380
2026-02-13T08:19:01.378691 user_action user_id=6499839380 chat_id=6499839380 username=Excel_student data=user:serials message_id=2159
2026-02-13T08:19:03.476074 user_message user_id=6499839380 chat_id=6499839380 chat_type=private username=Excel_student msg_type=ContentType.TEXT message_id=2161 text=Zolushka va to'rt ritsar
2026-02-13T08:19:07.467715 user_message user_id=6499839380 chat_id=6499839380 chat_type=private username=Excel_student msg_type=ContentType.TEXT message_id=2162 text=Bahoriy hislar
2026-02-13T08:19:10.027378 user_message user_id=6499839380 chat_id=6499839380 chat_type=private username=Excel_student msg_type=ContentType.TEXT message_id=2163 text=Yovuz ruh
2026-02-13T08:19:55.112649 user_action user_id=6499839380 chat_id=6499839380 username=Excel_student data=user:sendcode message_id=2159
2026-02-13T08:19:56.761080 user_message user_id=6499839380 chat_id=6499839380 chat_type=private username=Excel_student msg_type=ContentType.TEXT message_id=2164 text=1
2026-02-13T08:20:01.171568 user_message user_id=6499839380 chat_id=6499839380 chat_type=private username=Excel_student msg_type=ContentType.TEXT message_id=2165 text=/start
2026-02-13T08:20:01.172677 user_start user_id=6499839380
2026-02-13T08:20:05.257760 user_message user_id=6499839380 chat_id=6499839380 chat_type=private username=Excel_student msg_type=ContentType.TEXT message_id=2167 text=/admin
2026-02-13T08:20:08.279165 user_action user_id=6499839380 chat_id=6499839380 username=Excel_student data=admin:users message_id=2168
2026-02-13T08:20:10.218511 user_action user_id=6499839380 chat_id=6499839380 username=Excel_student data=admin:back message_id=2168
2026-02-13T08:20:11.995118 user_action user_id=6499839380 chat_id=6499839380 username=Excel_student data=admin:serials message_id=2168
2026-02-13T08:20:13.946600 user_action user_id=6499839380 chat_id=6499839380 username=Excel_student data=admin:serial:5 message_id=2168
2026-02-13T08:20:16.456608 user_action user_id=6499839380 chat_id=6499839380 username=Excel_student data=serialpart:5:9 message_id=2169
2026-02-13T08:20:17.358687 serial_part_sent user_id=6499839380 serial_id=5 part=9
2026-02-13T08:20:24.001755 user_message user_id=6499839380 chat_id=6499839380 chat_type=private username=Excel_student msg_type=ContentType.TEXT message_id=2171 text=/admin
2026-02-13T08:20:32.382584 user_action user_id=6499839380 chat_id=6499839380 username=Excel_student data=admin:stats message_id=2172
2026-02-13T08:21:16.702305 user_message user_id=6499839380 chat_id=6499839380 chat_type=private username=Excel_student msg_type=ContentType.TEXT message_id=2173 text=/start
2026-02-13T08:21:16.704095 user_start user_id=6499839380
2026-02-13T08:21:19.373047 user_action user_id=6499839380 chat_id=6499839380 username=Excel_student data=user:serials message_id=2174
2026-02-13T08:21:21.021410 user_message user_id=6499839380 chat_id=6499839380 chat_type=private username=Excel_student msg_type=ContentType.TEXT message_id=2176 text=Zolushka va to'rt ritsar
2026-02-13T08:21:21.023045 serial_request user_id=6499839380 query=Zolushka va to'rt ritsar
2026-02-13T08:21:25.013043 user_message user_id=6499839380 chat_id=6499839380 chat_type=private username=Excel_student msg_type=ContentType.TEXT message_id=2178 text=Yovuz ruh
2026-02-13T08:21:25.014450 serial_request user_id=6499839380 query=Yovuz ruh
2026-02-13T08:21:29.441562 user_message user_id=6499839380 chat_id=6499839380 chat_type=private username=Excel_student msg_type=ContentType.TEXT message_id=2180 text=/admin
2026-02-13T08:21:38.513617 user_action user_id=6499839380 chat_id=6499839380 username=Excel_student data=admin:users message_id=2181
2026-02-13T08:21:40.641460 user_action user_id=6499839380 chat_id=6499839380 username=Excel_student data=admin:back message_id=2181
2026-02-13T08:21:59.963197 user_message user_id=6499839380 chat_id=6499839380 chat_type=private username=Excel_student msg_type=ContentType.TEXT message_id=2182 text=/start
2026-02-13T08:21:59.963978 user_start user_id=6499839380
2026-02-13T08:22:02.127189 user_action user_id=6499839380 chat_id=6499839380 username=Excel_student data=user:sendcode message_id=2183
2026-02-13T08:22:03.939195 user_message user_id=6499839380 chat_id=6499839380 chat_type=private username=Excel_student msg_type=ContentType.TEXT message_id=2184 text=1
2026-02-13T08:22:03.939568 serial_request user_id=6499839380 query=1
2026-02-13T08:22:07.260113 user_message user_id=6499839380 chat_id=6499839380 chat_type=private username=Excel_student msg_type=ContentType.TEXT message_id=2186 text=3
2026-02-13T08:22:07.260765 serial_request user_id=6499839380 query=3
2026-02-13T08:22:10.049412 user_message user_id=6499839380 chat_id=6499839380 chat_type=private username=Excel_student msg_type=ContentType.TEXT message_id=2188 text=6
2026-02-13T08:22:10.049631 serial_request user_id=6499839380 query=6
2026-02-13T08:22:13.327455 user_message user_id=6499839380 chat_id=6499839380 chat_type=private username=Excel_student msg_type=ContentType.TEXT message_id=2190 text=10
2026-02-13T08:22:13.327615 serial_request user_id=6499839380 query=10
2026-02-13T08:22:15.988473 user_message user_id=6499839380 chat_id=6499839380 chat_type=private username=Excel_student msg_type=ContentType.TEXT message_id=2192 text=9
2026-02-13T08:22:15.988710 serial_request user_id=6499839380 query=9
2026-02-13T08:22:18.676950 user_action user_id=6499839380 chat_id=6499839380 username=Excel_student data=serialpart:9:8 message_id=2193
2026-02-13T08:22:19.519323 serial_part_sent user_id=6499839380 serial_id=9 part=8
2026-02-13T08:22:33.440646 user_message user_id=6499839380 chat_id=6499839380 chat_type=private username=Excel_student msg_type=ContentType.TEXT message_id=2196 text=/serial 1
2026-02-13T08:22:33.440871 serial_request user_id=6499839380 query=1
2026-02-13T08:22:44.043847 user_message user_id=6499839380 chat_id=6499839380 chat_type=private username=Excel_student msg_type=ContentType.TEXT message_id=2198 text=/start
2026-02-13T08:22:44.045152 user_start user_id=6499839380
2026-02-13T08:22:47.460437 user_message user_id=6499839380 chat_id=6499839380 chat_type=private username=Excel_student msg_type=ContentType.TEXT message_id=2200 text=Zolushka va to'rt ritsar
2026-02-13T08:22:47.462984 serial_request user_id=6499839380 query=Zolushka va to'rt ritsar
2026-02-13T08:23:46.787587 user_message user_id=6499839380 chat_id=6499839380 chat_type=private username=Excel_student msg_type=ContentType.TEXT message_id=2202 text=/start
2026-02-13T08:23:46.789449 user_start user_id=6499839380
2026-02-13T08:23:49.358865 user_action user_id=6499839380 chat_id=6499839380 username=Excel_student data=user:search message_id=2203
2026-02-13T08:23:53.282206 user_message user_id=6499839380 chat_id=6499839380 chat_type=private username=Excel_student msg_type=ContentType.TEXT message_id=2205 text=hislar
2026-02-13T08:23:56.252686 user_message user_id=6499839380 chat_id=6499839380 chat_type=private username=Excel_student msg_type=ContentType.TEXT message_id=2207 text=Bahoriy hislar
2026-02-13T08:24:18.991852 user_message user_id=6499839380 chat_id=6499839380 chat_type=private username=Excel_student msg_type=ContentType.TEXT message_id=2209 text=/start
2026-02-13T08:24:18.992644 user_start user_id=6499839380
2026-02-13T08:24:22.502437 user_action user_id=6499839380 chat_id=6499839380 username=Excel_student data=user:serials message_id=2210
2026-02-13T08:25:22.317634 user_message user_id=6499839380 chat_id=6499839380 chat_type=private username=Excel_student msg_type=ContentType.TEXT message_id=2212 text=Bizning olam
2026-02-13T08:25:22.318957 serial_request user_id=6499839380 query=Bizning olam
2026-02-13T08:25:25.953251 user_message user_id=6499839380 chat_id=6499839380 chat_type=private username=Excel_student msg_type=ContentType.TEXT message_id=2214 text=Trigger
2026-02-13T08:25:25.954961 serial_request user_id=6499839380 query=Trigger
2026-02-13T08:25:28.116816 user_message user_id=6499839380 chat_id=6499839380 chat_type=private username=Excel_student msg_type=ContentType.TEXT message_id=2216 text=Yovuz ruh
2026-02-13T08:25:28.118807 serial_request user_id=6499839380 query=Yovuz ruh
2026-02-13T08:25:44.176911 user_message user_id=6499839380 chat_id=6499839380 chat_type=private username=Excel_student msg_type=ContentType.TEXT message_id=2218 text=/start
2026-02-13T08:25:44.177546 user_start user_id=6499839380
2026-02-13T08:25:46.886771 user_action user_id=6499839380 chat_id=6499839380 username=Excel_student data=user:serials message_id=2219
2026-02-13T08:25:53.143522 user_message user_id=6499839380 chat_id=6499839380 chat_type=private username=Excel_student msg_type=ContentType.TEXT message_id=2221 text=Bahoriy hislar
2026-02-13T08:25:53.145917 serial_request user_id=6499839380 query=Bahoriy hislar
2026-02-13T08:25:56.779440 user_message user_id=6499839380 chat_id=6499839380 chat_type=private username=Excel_student msg_type=ContentType.TEXT message_id=2223 text=Bizning olam
2026-02-13T08:25:56.780812 serial_request user_id=6499839380 query=Bizning olam
2026-02-13T08:25:58.408287 user_message user_id=6499839380 chat_id=6499839380 chat_type=private username=Excel_student msg_type=ContentType.TEXT message_id=2225 text=Yovuz ruh
2026-02-13T08:25:58.409906 serial_request user_id=6499839380 query=Yovuz ruh
2026-02-13T08:31:49.435403 user_message user_id=6499839380 chat_id=6499839380 chat_type=private username=Excel_student msg_type=ContentType.TEXT message_id=2227 text=Bahoriy hislar
2026-02-13T08:31:49.437102 serial_request user_id=6499839380 query=Bahoriy hislar
2026-02-13T08:31:56.090186 user_message user_id=6499839380 chat_id=6499839380 chat_type=private username=Excel_student msg_type=ContentType.TEXT message_id=2229 text=/start
2026-02-13T08:31:56.090906 user_start user_id=6499839380
2026-02-13T08:31:58.749795 user_message user_id=6499839380 chat_id=6499839380 chat_type=private username=Excel_student msg_type=ContentType.TEXT message_id=2231 text=/admin
2026-02-13T08:32:01.823325 user_action user_id=6499839380 chat_id=6499839380 username=Excel_student data=admin:users message_id=2232
2026-02-13T08:32:07.971266 user_action user_id=6499839380 chat_id=6499839380 username=Excel_student data=admin:back message_id=2232
2026-02-13T08:32:10.469971 user_action user_id=6499839380 chat_id=6499839380 username=Excel_student data=admin:serials message_id=2232
2026-02-13T08:32:12.584163 user_action user_id=6499839380 chat_id=6499839380 username=Excel_student data=admin:serial:3 message_id=2232
2026-02-13T08:33:01.381839 user_message user_id=6499839380 chat_id=6499839380 chat_type=private username=Excel_student msg_type=ContentType.TEXT message_id=2234 text=/start
2026-02-13T08:33:01.383141 user_start user_id=6499839380
2026-02-13T08:33:06.154069 user_action user_id=6499839380 chat_id=6499839380 username=Excel_student data=user:sendcode message_id=2235
2026-02-13T08:33:07.566829 user_message user_id=6499839380 chat_id=6499839380 chat_type=private username=Excel_student msg_type=ContentType.TEXT message_id=2236 text=1
2026-02-13T08:33:07.570818 serial_request user_id=6499839380 query=1
2026-02-13T08:33:09.278338 user_message user_id=6499839380 chat_id=6499839380 chat_type=private username=Excel_student msg_type=ContentType.TEXT message_id=2238 text=4
2026-02-13T08:33:09.278498 serial_request user_id=6499839380 query=4
2026-02-13T08:33:27.939774 user_message user_id=8315669548 chat_id=8315669548 chat_type=private username=Sa_lomatt msg_type=ContentType.TEXT message_id=2240 text=/start
2026-02-13T08:33:27.950813 user_start user_id=8315669548
2026-02-13T08:33:32.138632 user_action user_id=8315669548 chat_id=8315669548 username=Sa_lomatt data=user:serials message_id=2241
2026-02-13T08:33:35.472954 user_action user_id=8315669548 chat_id=8315669548 username=Sa_lomatt data=user:search message_id=2241
2026-02-13T08:33:37.566740 user_action user_id=8315669548 chat_id=8315669548 username=Sa_lomatt data=user:sendcode message_id=2241
2026-02-13T08:34:41.874292 user_message user_id=6499839380 chat_id=6499839380 chat_type=private username=Excel_student msg_type=ContentType.TEXT message_id=2244 text=/admin
2026-02-13T08:34:44.481876 user_action user_id=6499839380 chat_id=6499839380 username=Excel_student data=admin:users message_id=2245
2026-02-13T08:34:52.832741 user_action user_id=6499839380 chat_id=6499839380 username=Excel_student data=admin:back message_id=2245
2026-02-13T08:34:56.444915 user_action user_id=6499839380 chat_id=6499839380 username=Excel_student data=admin:logs message_id=2245
2026-02-13T08:35:00.191819 user_message user_id=6499839380 chat_id=6499839380 chat_type=private username=Excel_student msg_type=ContentType.TEXT message_id=2246 text=/admin
2026-02-13T08:35:01.875472 user_action user_id=6499839380 chat_id=6499839380 username=Excel_student data=admin:users message_id=2247
2026-02-13T08:35:09.625202 user_message user_id=6499839380 chat_id=6499839380 chat_type=private username=Excel_student msg_type=ContentType.TEXT message_id=2248 text=/admin
2026-02-13T08:35:11.991839 user_action user_id=6499839380 chat_id=6499839380 username=Excel_student data=admin:users message_id=2249
2026-02-13T08:35:15.257723 user_action user_id=6499839380 chat_id=6499839380 username=Excel_student data=admin:back message_id=2249
2026-02-13T08:35:16.888491 user_action user_id=6499839380 chat_id=6499839380 username=Excel_student data=admin:logs message_id=2249
2026-02-13T08:35:20.541395 user_message user_id=6499839380 chat_id=6499839380 chat_type=private username=Excel_student msg_type=ContentType.TEXT message_id=2250 text=@Sa_lomatt
2026-02-13T08:35:47.104231 user_message user_id=6499839380 chat_id=6499839380 chat_type=private username=Excel_student msg_type=ContentType.TEXT message_id=2252 text=/admin
2026-02-13T08:35:49.463935 user_action user_id=6499839380 chat_id=6499839380 username=Excel_student data=admin:logs message_id=2253
2026-02-13T08:35:52.213459 user_message user_id=6499839380 chat_id=6499839380 chat_type=private username=Excel_student msg_type=ContentType.TEXT message_id=2254 text=8315669548
2026-02-13T08:36:15.985110 user_message user_id=8315669548 chat_id=8315669548 chat_type=private username=Sa_lomatt msg_type=ContentType.TEXT message_id=2256 text=Bekor
2026-02-13T08:36:19.527254 user_message user_id=8315669548 chat_id=8315669548 chat_type=private username=Sa_lomatt msg_type=ContentType.TEXT message_id=2258 text=/start
2026-02-13T08:36:19.527995 user_start user_id=8315669548
2026-02-13T08:39:22.250081 user_message user_id=8315669548 chat_id=8315669548 chat_type=private username=Sa_lomatt msg_type=ContentType.TEXT message_id=2260 text=1
2026-02-13T08:39:22.962434 serial_request user_id=8315669548 query=1
2026-02-13T08:39:25.628642 user_message user_id=8315669548 chat_id=8315669548 chat_type=private username=Sa_lomatt msg_type=ContentType.TEXT message_id=2262 text=2
2026-02-13T08:39:25.992522 serial_request user_id=8315669548 query=2
2026-02-13T08:39:28.602798 user_message user_id=8315669548 chat_id=8315669548 chat_type=private username=Sa_lomatt msg_type=ContentType.TEXT message_id=2264 text=3
2026-02-13T08:39:29.586975 serial_request user_id=8315669548 query=3
2026-02-13T08:39:32.266577 user_message user_id=8315669548 chat_id=8315669548 chat_type=private username=Sa_lomatt msg_type=ContentType.TEXT message_id=2266 text=4
2026-02-13T08:39:32.882772 serial_request user_id=8315669548 query=4
2026-02-13T08:39:34.538571 user_message user_id=8315669548 chat_id=8315669548 chat_type=private username=Sa_lomatt msg_type=ContentType.TEXT message_id=2268 text=5
2026-02-13T08:39:34.943176 serial_request user_id=8315669548 query=5
2026-02-13T08:39:35.456198 user_message user_id=8315669548 chat_id=8315669548 chat_type=private username=Sa_lomatt msg_type=ContentType.TEXT message_id=2270 text=6
2026-02-13T08:39:35.865970 serial_request user_id=8315669548 query=6
2026-02-13T08:39:37.405171 user_message user_id=8315669548 chat_id=8315669548 chat_type=private username=Sa_lomatt msg_type=ContentType.TEXT message_id=2272 text=7
2026-02-13T08:39:37.940026 serial_request user_id=8315669548 query=7
2026-02-13T08:39:39.246900 user_message user_id=8315669548 chat_id=8315669548 chat_type=private username=Sa_lomatt msg_type=ContentType.TEXT message_id=2274 text=8
2026-02-13T08:39:39.858539 serial_request user_id=8315669548 query=8
2026-02-13T08:39:42.318888 user_message user_id=8315669548 chat_id=8315669548 chat_type=private username=Sa_lomatt msg_type=ContentType.TEXT message_id=2276 text=10
2026-02-13T08:39:42.626216 serial_request user_id=8315669548 query=10
2026-02-13T08:39:44.570947 user_message user_id=8315669548 chat_id=8315669548 chat_type=private username=Sa_lomatt msg_type=ContentType.TEXT message_id=2278 text=10
2026-02-13T08:39:44.888804 serial_request user_id=8315669548 query=10
2026-02-13T08:41:11.200547 user_message user_id=8554211484 chat_id=8554211484 chat_type=private username=kim_bora_o7 msg_type=ContentType.TEXT message_id=2280 text=/start
2026-02-13T08:41:11.227641 user_start user_id=8554211484
2026-02-13T08:41:11.841991 user_message user_id=6499839380 chat_id=6499839380 chat_type=private username=Excel_student msg_type=ContentType.TEXT message_id=2281 text=/start
2026-02-13T08:41:11.842751 user_start user_id=6499839380
2026-02-13T08:41:14.991548 user_message user_id=8315669548 chat_id=8315669548 chat_type=private username=Sa_lomatt msg_type=ContentType.TEXT message_id=2284 text=Bekor
2026-02-13T08:41:15.297678 serial_request user_id=8315669548 query=Bekor
2026-02-13T08:41:15.501598 user_message user_id=6499839380 chat_id=6499839380 chat_type=private username=Excel_student msg_type=ContentType.TEXT message_id=2285 text=/admin
2026-02-13T08:41:18.371775 user_message user_id=8315669548 chat_id=8315669548 chat_type=private username=Sa_lomatt msg_type=ContentType.TEXT message_id=2288 text=Bekor
2026-02-13T08:41:18.708719 serial_request user_id=8315669548 query=Bekor
2026-02-13T08:41:19.633143 user_action user_id=6499839380 chat_id=6499839380 username=Excel_student data=admin:serials message_id=2287
2026-02-13T08:41:21.754819 user_action user_id=6499839380 chat_id=6499839380 username=Excel_student data=admin:back message_id=2287
2026-02-13T08:41:24.003964 user_message user_id=8315669548 chat_id=8315669548 chat_type=private username=Sa_lomatt msg_type=ContentType.TEXT message_id=2290 text=/start
2026-02-13T08:41:24.004411 user_start user_id=8315669548
2026-02-13T08:41:35.879523 user_action user_id=8315669548 chat_id=8315669548 username=Sa_lomatt data=user:serials message_id=2291
2026-02-13T08:41:45.198259 user_action user_id=8554211484 chat_id=8554211484 username=kim_bora_o7 data=check_subs message_id=2282
2026-02-13T08:41:49.746443 user_message user_id=8554211484 chat_id=8554211484 chat_type=private username=kim_bora_o7 msg_type=ContentType.TEXT message_id=2293 text=5
2026-02-13T08:41:52.563115 serial_request user_id=8554211484 query=5
2026-02-13T08:42:22.252175 user_message user_id=8554211484 chat_id=8554211484 chat_type=private username=kim_bora_o7 msg_type=ContentType.TEXT message_id=2295 text=7
2026-02-13T08:42:32.351521 serial_request user_id=8554211484 query=7
2026-02-13T08:42:32.372258 user_message user_id=8554211484 chat_id=8554211484 chat_type=private username=kim_bora_o7 msg_type=ContentType.TEXT message_id=2296 text=1
2026-02-13T08:42:33.631079 user_message user_id=8554211484 chat_id=8554211484 chat_type=private username=kim_bora_o7 msg_type=ContentType.TEXT message_id=2297 text=2
2026-02-13T08:42:34.779797 serial_request user_id=8554211484 query=2
2026-02-13T08:42:35.273573 serial_request user_id=8554211484 query=1
2026-02-13T08:44:07.226751 user_message user_id=8315669548 chat_id=8315669548 chat_type=private username=Sa_lomatt msg_type=ContentType.TEXT message_id=2301 text=Ortga
2026-02-13T08:44:09.383010 user_message user_id=8315669548 chat_id=8315669548 chat_type=private username=Sa_lomatt msg_type=ContentType.TEXT message_id=2303 text=Ortga
2026-02-13T08:45:32.528991 user_action user_id=8554211484 chat_id=8554211484 username=kim_bora_o7 data=serialpart:7:8 message_id=2298
2026-02-13T08:45:33.500684 serial_part_sent user_id=8554211484 serial_id=7 part=8
2026-02-13T09:04:44.288030 user_message user_id=6499839380 chat_id=6499839380 chat_type=private username=Excel_student msg_type=ContentType.TEXT message_id=2306 text=/admin
2026-02-13T09:04:46.031403 user_action user_id=6499839380 chat_id=6499839380 username=Excel_student data=admin:logfile message_id=2307
2026-02-13T09:04:46.985373 logfile_sent user_id=6499839380
2026-02-13T09:04:48.588420 user_message user_id=6499839380 chat_id=6499839380 chat_type=private username=Excel_student msg_type=ContentType.TEXT message_id=2309 text=/admin
2026-02-13T09:04:50.846499 user_action user_id=6499839380 chat_id=6499839380 username=Excel_student data=admin:logs message_id=2310
2026-02-13T09:04:53.301039 user_action user_id=6499839380 chat_id=6499839380 username=Excel_student data=log:cancel message_id=2310
2026-02-13T09:04:55.349757 user_action user_id=6499839380 chat_id=6499839380 username=Excel_student data=admin:admins message_id=2310
2026-02-13T09:04:55.552114 admins_list user_id=6499839380
2026-02-13T09:05:02.312032 user_action user_id=6499839380 chat_id=6499839380 username=Excel_student data=admin:back message_id=2310
2026-02-13T09:05:07.945602 user_action user_id=6499839380 chat_id=6499839380 username=Excel_student data=admin:help message_id=2310
2026-02-13T09:05:11.836968 user_action user_id=6499839380 chat_id=6499839380 username=Excel_student data=admin:back message_id=2310
2026-02-13T09:05:13.681842 user_action user_id=6499839380 chat_id=6499839380 username=Excel_student data=admin:help message_id=2310
2026-02-13T09:05:14.908369 user_action user_id=6499839380 chat_id=6499839380 username=Excel_student data=admin:back message_id=2310
2026-02-13T09:05:16.751215 user_action user_id=6499839380 chat_id=6499839380 username=Excel_student data=admin:users message_id=2310
2026-02-13T09:05:23.611891 user_action user_id=6499839380 chat_id=6499839380 username=Excel_student data=admin:back message_id=2310
2026-02-13T09:05:26.072117 user_action user_id=6499839380 chat_id=6499839380 username=Excel_student data=admin:broadcast message_id=2310
2026-02-13T09:05:29.754597 user_action user_id=6499839380 chat_id=6499839380 username=Excel_student data=admin:back message_id=2310
2026-02-13T09:10:19.678455 user_message user_id=6499839380 chat_id=6499839380 chat_type=private username=Excel_student msg_type=ContentType.TEXT message_id=2311 text=/admin
2026-02-13T09:10:24.122419 user_action user_id=6499839380 chat_id=6499839380 username=Excel_student data=admin:delchannel message_id=2312
2026-02-13T09:10:26.415940 user_action user_id=6499839380 chat_id=6499839380 username=Excel_student data=admin:back message_id=2312
2026-02-13T09:10:28.712634 user_action user_id=6499839380 chat_id=6499839380 username=Excel_student data=admin:serials message_id=2312
2026-02-13T09:10:31.637953 user_action user_id=6499839380 chat_id=6499839380 username=Excel_student data=admin:serial:2 message_id=2312
2026-02-13T09:10:34.721449 user_action user_id=6499839380 chat_id=6499839380 username=Excel_student data=serialpart:2:4 message_id=2313
2026-02-13T09:10:35.616096 serial_part_sent user_id=6499839380 serial_id=2 part=4
2026-02-13T09:10:42.624316 user_message user_id=6499839380 chat_id=6499839380 chat_type=private username=Excel_student msg_type=ContentType.TEXT message_id=2315 text=/admin
2026-02-13T09:10:46.382925 user_message user_id=6499839380 chat_id=6499839380 chat_type=private username=Excel_student msg_type=ContentType.TEXT message_id=2317 text=/start
2026-02-13T09:10:46.383884 user_start user_id=6499839380
2026-02-13T09:10:48.643822 user_action user_id=6499839380 chat_id=6499839380 username=Excel_student data=user:sendcode message_id=2318
2026-02-13T09:10:49.559164 user_message user_id=6499839380 chat_id=6499839380 chat_type=private username=Excel_student msg_type=ContentType.TEXT message_id=2319 text=1
2026-02-13T09:10:49.559438 serial_request user_id=6499839380 query=1
2026-02-13T09:10:51.057593 user_message user_id=6499839380 chat_id=6499839380 chat_type=private username=Excel_student msg_type=ContentType.TEXT message_id=2321 text=4
2026-02-13T09:10:51.057726 serial_request user_id=6499839380 query=4
2026-02-13T09:10:56.759803 user_message user_id=6499839380 chat_id=6499839380 chat_type=private username=Excel_student msg_type=ContentType.TEXT message_id=2323 text=/start
2026-02-13T09:10:56.760463 user_start user_id=6499839380
2026-02-13T09:11:02.181475 user_message user_id=6499839380 chat_id=6499839380 chat_type=private username=Excel_student msg_type=ContentType.TEXT message_id=2325 text=Bizning olam
2026-02-13T09:11:02.182261 serial_request user_id=6499839380 query=Bizning olam
2026-02-13T09:11:07.443768 user_message user_id=6499839380 chat_id=6499839380 chat_type=private username=Excel_student msg_type=ContentType.TEXT message_id=2327 text=/start
2026-02-13T09:11:07.444172 user_start user_id=6499839380
2026-02-13T09:11:13.230447 user_action user_id=6499839380 chat_id=6499839380 username=Excel_student data=user:search message_id=2328
2026-02-13T09:11:14.538328 user_message user_id=6499839380 chat_id=6499839380 chat_type=private username=Excel_student msg_type=ContentType.TEXT message_id=2330 text=bizning
2026-02-13T09:11:17.881521 user_message user_id=6499839380 chat_id=6499839380 chat_type=private username=Excel_student msg_type=ContentType.TEXT message_id=2332 text=Bizning olam
2026-02-13T09:30:48.304636 user_message user_id=6499839380 chat_id=6499839380 chat_type=private username=Excel_student msg_type=ContentType.TEXT message_id=2334 text=/admin
2026-02-13T09:30:58.646321 user_action user_id=6499839380 chat_id=6499839380 username=Excel_student data=admin:viplist message_id=2335
2026-02-13T09:31:01.037240 user_action user_id=6499839380 chat_id=6499839380 username=Excel_student data=admin:vipprice message_id=2335
2026-02-13T09:31:06.559070 user_action user_id=6499839380 chat_id=6499839380 username=Excel_student data=vipprice:custom message_id=2335
2026-02-13T09:31:11.744865 user_message user_id=6499839380 chat_id=6499839380 chat_type=private username=Excel_student msg_type=ContentType.TEXT message_id=2337 text=10000
2026-02-13T09:31:14.636932 user_message user_id=6499839380 chat_id=6499839380 chat_type=private username=Excel_student msg_type=ContentType.TEXT message_id=2339 text=/admin
2026-02-13T09:31:17.988152 user_action user_id=6499839380 chat_id=6499839380 username=Excel_student data=admin:logs message_id=2340
2026-02-13T09:34:34.730242 user_message user_id=6499839380 chat_id=6499839380 chat_type=private username=Excel_student msg_type=ContentType.TEXT message_id=2341 text=/start
2026-02-13T09:34:34.731155 user_start user_id=6499839380
2026-02-13T09:34:37.422480 user_action user_id=6499839380 chat_id=6499839380 username=Excel_student data=user:vipinfo message_id=2342
2026-02-13T09:37:56.799670 user_message user_id=6499839380 chat_id=6499839380 chat_type=private username=Excel_student msg_type=ContentType.TEXT message_id=2344 text=/start
2026-02-13T09:37:56.800399 user_start user_id=6499839380
2026-02-13T09:37:59.458788 user_action user_id=6499839380 chat_id=6499839380 username=Excel_student data=user:vipinfo message_id=2345
2026-02-13T09:38:11.411421 user_message user_id=6499839380 chat_id=6499839380 chat_type=private username=Excel_student msg_type=ContentType.TEXT message_id=2347 text=/admin
2026-02-13T09:38:31.574471 user_action user_id=6499839380 chat_id=6499839380 username=Excel_student data=admin:logs message_id=2348
2026-02-13T09:39:00.506855 user_message user_id=6499839380 chat_id=6499839380 chat_type=private username=Excel_student msg_type=ContentType.TEXT message_id=2349 text=/admin
2026-02-13T09:39:05.722116 user_action user_id=6499839380 chat_id=6499839380 username=Excel_student data=admin:vipmsg message_id=2350
2026-02-13T09:42:11.570541 user_message user_id=6499839380 chat_id=6499839380 chat_type=private username=Excel_student msg_type=ContentType.TEXT message_id=2351 text=Assalom aleykum qadrli obunachi!!! Sizni bizning botimizda ko'rib turganimizdan xursandmiz. VIP obunamizga qoshilishni hohlasangiz, ushbu kartaga pul mablag'ini yuborib, chekni yuborin, adminlarimiz tekshirib 2-24 soat oralig'ida VIP obunaga qo'shishadi.
2026-02-13T09:42:19.051906 user_message user_id=6499839380 chat_id=6499839380 chat_type=private username=Excel_student msg_type=ContentType.TEXT message_id=2353 text=/admin
2026-02-13T09:42:23.250313 user_action user_id=6499839380 chat_id=6499839380 username=Excel_student data=admin:help message_id=2354
2026-02-13T09:42:30.752135 user_message user_id=6499839380 chat_id=6499839380 chat_type=private username=Excel_student msg_type=ContentType.TEXT message_id=2355 text=/vipmsg
2026-02-13T09:42:44.006442 user_message user_id=6499839380 chat_id=6499839380 chat_type=private username=Excel_student msg_type=ContentType.TEXT message_id=2357 text=/vipmsg
2026-02-13T09:42:55.702836 user_message user_id=6499839380 chat_id=6499839380 chat_type=private username=Excel_student msg_type=ContentType.TEXT message_id=2359 text=Assalom aleykum qadrli obunachi!!! Sizni bizning botimizda ko'rib turganimizdan xursandmiz. VIP obunamizga qoshilishni hohlasangiz, ushbu kartaga pul mablag'ini yuborib, chekni yuborin, adminlarimiz tekshirib 2-24 soat oralig'ida VIP obunaga qo'shishadi.
2026-02-13T09:43:17.422609 user_message user_id=6499839380 chat_id=6499839380 chat_type=private username=Excel_student msg_type=ContentType.TEXT message_id=2361 text=/vipmsg
2026-02-13T09:43:17.425463 user_message user_id=6499839380 chat_id=6499839380 chat_type=private username=Excel_student msg_type=ContentType.TEXT message_id=2362 text=Assalom aleykum qadrli obunachi!!! Sizni bizning botimizda ko'rib turganimizdan xursandmiz. VIP obunamizga qoshilishni hohlasangiz, ushbu kartaga pul mablag'ini yuborib, chekni yuborin, adminlarimiz tekshirib 2-24 soat oralig'ida VIP obunaga qo'shishadi.
2026-02-13T09:43:26.831920 user_message user_id=6499839380 chat_id=6499839380 chat_type=private username=Excel_student msg_type=ContentType.TEXT message_id=2365 text=/admin
2026-02-13T09:43:29.694498 user_action user_id=6499839380 chat_id=6499839380 username=Excel_student data=admin:vipmsg message_id=2366
2026-02-13T09:53:07.524386 user_action user_id=6499839380 chat_id=6499839380 username=Excel_student data=serialpart:8:2 message_id=2333
2026-02-13T09:53:08.362915 serial_part_sent user_id=6499839380 serial_id=8 part=2
2026-02-13T09:59:04.294944 user_message user_id=6499839380 chat_id=6499839380 chat_type=private username=Excel_student msg_type=ContentType.TEXT message_id=2368 text=/admin
2026-02-13T09:59:08.549503 user_action user_id=6499839380 chat_id=6499839380 username=Excel_student data=admin:vipcard message_id=2369
2026-02-13T09:59:32.374989 user_message user_id=6499839380 chat_id=6499839380 chat_type=private username=Excel_student msg_type=ContentType.TEXT message_id=2370 text=9860010118852150 | Eshdavlatov Tolibjon
2026-02-13T09:59:35.378860 user_message user_id=6499839380 chat_id=6499839380 chat_type=private username=Excel_student msg_type=ContentType.TEXT message_id=2372 text=/admin
2026-02-13T09:59:39.694206 user_action user_id=6499839380 chat_id=6499839380 username=Excel_student data=admin:vipcard message_id=2373
2026-02-13T09:59:43.810428 user_action user_id=6499839380 chat_id=6499839380 username=Excel_student data=admin:back message_id=2373
2026-02-13T09:59:47.150437 user_action user_id=6499839380 chat_id=6499839380 username=Excel_student data=admin:vipprice message_id=2373
2026-02-13T09:59:49.577004 user_action user_id=6499839380 chat_id=6499839380 username=Excel_student data=vipprice:custom message_id=2373
2026-02-13T09:59:53.097577 user_message user_id=6499839380 chat_id=6499839380 chat_type=private username=Excel_student msg_type=ContentType.TEXT message_id=2374 text=5000
2026-02-13T09:59:56.225902 user_message user_id=6499839380 chat_id=6499839380 chat_type=private username=Excel_student msg_type=ContentType.TEXT message_id=2376 text=/admin
2026-02-13T10:00:04.102147 user_action user_id=6499839380 chat_id=6499839380 username=Excel_student data=admin:viplist message_id=2377
2026-02-13T10:00:08.730320 user_action user_id=6499839380 chat_id=6499839380 username=Excel_student data=admin:help message_id=2377
2026-02-13T10:00:18.040428 user_action user_id=6499839380 chat_id=6499839380 username=Excel_student data=admin:back message_id=2377
2026-02-13T10:00:19.886232 user_action user_id=6499839380 chat_id=6499839380 username=Excel_student data=admin:serials message_id=2377
2026-02-13T10:00:28.078509 user_action user_id=6499839380 chat_id=6499839380 username=Excel_student data=admin:serialvip:7:0 message_id=2377
2026-02-13T10:00:31.163276 user_action user_id=6499839380 chat_id=6499839380 username=Excel_student data=admin:back message_id=2377
2026-02-13T10:00:36.985565 user_message user_id=6499839380 chat_id=6499839380 chat_type=private username=Excel_student msg_type=ContentType.TEXT message_id=2379 text=/start
2026-02-13T10:00:36.986359 user_start user_id=6499839380
2026-02-13T10:00:43.739569 user_action user_id=6499839380 chat_id=6499839380 username=Excel_student data=user:serials message_id=2380
2026-02-13T10:00:49.026801 user_message user_id=6499839380 chat_id=6499839380 chat_type=private username=Excel_student msg_type=ContentType.TEXT message_id=2382 text=Men Bugundan Insonman
2026-02-13T10:00:49.028317 serial_request user_id=6499839380 query=Men Bugundan Insonman
2026-02-13T10:00:53.364641 user_action user_id=6499839380 chat_id=6499839380 username=Excel_student data=user:vipinfo message_id=2380
2026-02-13T10:00:59.633810 user_action user_id=6499839380 chat_id=6499839380 username=Excel_student data=vipjoin:start message_id=2384
2026-02-13T10:01:27.976825 user_message user_id=6499839380 chat_id=6499839380 chat_type=private username=Excel_student msg_type=ContentType.PHOTO message_id=2385 text=
2026-02-13T10:01:38.222092 user_action user_id=6499839380 chat_id=6499839380 username=Excel_student data=vipreceipt:approve:6499839380 message_id=2386
2026-02-13T10:01:47.389073 user_action user_id=6499839380 chat_id=6499839380 username=Excel_student data=vip:add:6499839380:30 message_id=2386
2026-02-13T10:01:49.991185 user_action user_id=6499839380 chat_id=6499839380 username=Excel_student data=admin:back message_id=2386
2026-02-13T10:01:53.286397 user_action user_id=6499839380 chat_id=6499839380 username=Excel_student data=admin:viplist message_id=2386
2026-02-13T10:02:01.053060 user_action user_id=6499839380 chat_id=6499839380 username=Excel_student data=admin:back message_id=2389
2026-02-13T10:02:03.754014 user_action user_id=6499839380 chat_id=6499839380 username=Excel_student data=admin:stats message_id=2389
2026-02-13T10:02:06.138080 user_action user_id=6499839380 chat_id=6499839380 username=Excel_student data=admin:back message_id=2389
2026-02-13T10:02:17.748096 user_action user_id=6499839380 chat_id=6499839380 username=Excel_student data=admin:vipcard message_id=2389
2026-02-13T10:02:58.154035 user_message user_id=6499839380 chat_id=6499839380 chat_type=private username=Excel_student msg_type=ContentType.TEXT message_id=2390 text=8600 0000 0000 0000 | familiya ism
2026-02-13T10:03:02.572792 user_message user_id=6499839380 chat_id=6499839380 chat_type=private username=Excel_student msg_type=ContentType.TEXT message_id=2392 text=/admin
2026-02-13T10:03:05.262372 user_action user_id=6499839380 chat_id=6499839380 username=Excel_student data=admin:vipcard message_id=2393
2026-02-13T10:05:32.608259 user_message user_id=6499839380 chat_id=6499839380 chat_type=private username=Excel_student msg_type=ContentType.TEXT message_id=2394 text=/start
2026-02-13T10:05:32.609023 user_start user_id=6499839380
2026-02-13T10:05:48.180498 user_message user_id=6499839380 chat_id=6499839380 chat_type=private username=Excel_student msg_type=ContentType.TEXT message_id=2396 text=/admin
2026-02-13T10:05:50.385629 user_action user_id=6499839380 chat_id=6499839380 username=Excel_student data=admin:serials message_id=2397
2026-02-13T10:05:54.556107 user_message user_id=6499839380 chat_id=6499839380 chat_type=private username=Excel_student msg_type=ContentType.TEXT message_id=2398 text=7
2026-02-13T10:06:05.360156 user_message user_id=6499839380 chat_id=6499839380 chat_type=private username=Excel_student msg_type=ContentType.TEXT message_id=2400 text=/start
2026-02-13T10:06:05.361167 user_start user_id=6499839380
2026-02-13T10:06:12.957739 user_action user_id=6499839380 chat_id=6499839380 username=Excel_student data=admin:back message_id=2393
2026-02-13T10:06:16.997539 user_action user_id=6499839380 chat_id=6499839380 username=Excel_student data=user:sendcode message_id=2401
2026-02-13T10:06:18.051498 user_message user_id=6499839380 chat_id=6499839380 chat_type=private username=Excel_student msg_type=ContentType.TEXT message_id=2402 text=7
2026-02-13T10:06:18.051772 serial_request user_id=6499839380 query=7
2026-02-13T10:06:23.083575 user_message user_id=6499839380 chat_id=6499839380 chat_type=private username=Excel_student msg_type=ContentType.TEXT message_id=2404 text=/start
2026-02-13T10:06:23.084487 user_start user_id=6499839380
2026-02-13T10:27:07.041206 user_message user_id=6499839380 chat_id=6499839380 chat_type=private username=Excel_student msg_type=ContentType.TEXT message_id=2406 text=/admin
2026-02-13T10:27:11.090985 user_action user_id=6499839380 chat_id=6499839380 username=Excel_student data=admin:broadcast message_id=2407
2026-02-13T10:27:41.215524 user_message user_id=6499839380 chat_id=6499839380 chat_type=private username=Excel_student msg_type=ContentType.TEXT message_id=2408 text=Assalom aleykum qadrli adminjon shunchaki test uchun ishlatildi
2026-02-13T10:27:41.217224 serial_request user_id=6499839380 query=Assalom aleykum qadrli adminjon shunchaki test uchun ishlatildi
2026-02-13T10:28:02.248406 user_message user_id=6499839380 chat_id=6499839380 chat_type=private username=Excel_student msg_type=ContentType.TEXT message_id=2410 text=/broadcast
2026-02-13T10:28:08.336910 user_action user_id=6499839380 chat_id=6499839380 username=Excel_student data=broadcast:admins message_id=2411
2026-02-13T10:28:09.034223 broadcast user_id=6499839380 target=admins ok=1 failed=1
2026-02-13T10:35:19.393985 user_message user_id=5792951787 chat_id=5792951787 chat_type=private username=humble_student1 msg_type=ContentType.TEXT message_id=2413 text=/start
2026-02-13T10:35:19.394921 user_start user_id=5792951787
2026-02-13T10:35:45.830051 user_message user_id=5792951787 chat_id=5792951787 chat_type=private username=humble_student1 msg_type=ContentType.TEXT message_id=2415 text=/admin
2026-02-13T10:35:48.685295 user_action user_id=5792951787 chat_id=5792951787 username=humble_student1 data=admin:users message_id=2416
2026-02-13T10:35:53.604830 user_action user_id=5792951787 chat_id=5792951787 username=humble_student1 data=admin:back message_id=2416
2026-02-13T10:36:01.799372 user_action user_id=5792951787 chat_id=5792951787 username=humble_student1 data=admin:broadcast message_id=2416
2026-02-13T10:36:06.197502 user_message user_id=5792951787 chat_id=5792951787 chat_type=private username=humble_student1 msg_type=ContentType.TEXT message_id=2417 text=hello
2026-02-13T10:36:06.201904 serial_request user_id=5792951787 query=hello
2026-02-13T10:36:24.019745 user_message user_id=5792951787 chat_id=5792951787 chat_type=private username=humble_student1 msg_type=ContentType.TEXT message_id=2419 text=/broadcast
2026-02-13T10:36:27.305494 user_action user_id=5792951787 chat_id=5792951787 username=humble_student1 data=broadcast:admins message_id=2420
2026-02-13T10:36:27.833390 broadcast user_id=5792951787 target=admins ok=2 failed=0
2026-02-13T10:38:08.152498 user_action user_id=5792951787 chat_id=5792951787 username=humble_student1 data=user:serials message_id=2414
2026-02-13T10:38:16.179224 user_action user_id=5792951787 chat_id=5792951787 username=humble_student1 data=user:sendcode message_id=2414
2026-02-13T10:38:19.322677 user_message user_id=5792951787 chat_id=5792951787 chat_type=private username=humble_student1 msg_type=ContentType.TEXT message_id=2424 text=7
2026-02-13T10:38:19.323573 serial_request user_id=5792951787 query=7
2026-02-13T10:38:22.850678 user_action user_id=5792951787 chat_id=5792951787 username=humble_student1 data=serialpart:7:9 message_id=2425
2026-02-13T10:38:28.325819 user_action user_id=5792951787 chat_id=5792951787 username=humble_student1 data=serialpart:7:10 message_id=2425
2026-02-13T10:38:34.368124 user_action user_id=5792951787 chat_id=5792951787 username=humble_student1 data=serialpart:7:7 message_id=2425
2026-02-13T10:38:38.054874 user_action user_id=5792951787 chat_id=5792951787 username=humble_student1 data=serialpart:7:1 message_id=2425
2026-02-13T10:38:40.408358 user_action user_id=5792951787 chat_id=5792951787 username=humble_student1 data=serialpart:7:2 message_id=2425
2026-02-13T10:38:42.254239 user_action user_id=5792951787 chat_id=5792951787 username=humble_student1 data=serialpart:7:3 message_id=2425
2026-02-13T10:38:46.721127 user_message user_id=5792951787 chat_id=5792951787 chat_type=private username=humble_student1 msg_type=ContentType.TEXT message_id=2432 text=/start
2026-02-13T10:38:46.722370 user_start user_id=5792951787
2026-02-13T10:38:50.813874 user_action user_id=5792951787 chat_id=5792951787 username=humble_student1 data=user:vipinfo message_id=2433
2026-02-13T10:38:52.831505 user_action user_id=5792951787 chat_id=5792951787 username=humble_student1 data=vipjoin:start message_id=2434
2026-02-13T10:39:10.108934 user_message user_id=5792951787 chat_id=5792951787 chat_type=private username=humble_student1 msg_type=ContentType.PHOTO message_id=2435 text=
2026-02-13T10:39:14.209929 user_action user_id=5792951787 chat_id=5792951787 username=humble_student1 data=vipreceipt:approve:5792951787 message_id=2436
2026-02-13T10:39:20.200790 user_action user_id=5792951787 chat_id=5792951787 username=humble_student1 data=vip:add:5792951787:30 message_id=2436
2026-02-13T10:39:23.617528 user_message user_id=5792951787 chat_id=5792951787 chat_type=private username=humble_student1 msg_type=ContentType.TEXT message_id=2441 text=7
2026-02-13T10:39:23.618630 serial_request user_id=5792951787 query=7
2026-02-13T10:39:26.565305 user_action user_id=5792951787 chat_id=5792951787 username=humble_student1 data=serialpart:7:2 message_id=2442
2026-02-13T10:39:29.020229 user_action user_id=5792951787 chat_id=5792951787 username=humble_student1 data=serialpart:7:4 message_id=2442
2026-02-13T10:39:30.801455 user_action user_id=5792951787 chat_id=5792951787 username=humble_student1 data=serialpart:7:7 message_id=2442
2026-02-13T10:39:33.961274 user_message user_id=5792951787 chat_id=5792951787 chat_type=private username=humble_student1 msg_type=ContentType.TEXT message_id=2446 text=/admin
2026-02-13T10:39:38.300893 user_action user_id=5792951787 chat_id=5792951787 username=humble_student1 data=admin:serials message_id=2447
2026-02-13T10:39:41.138317 user_action user_id=5792951787 chat_id=5792951787 username=humble_student1 data=admin:serial:7 message_id=2447
2026-02-13T10:39:43.286584 user_action user_id=5792951787 chat_id=5792951787 username=humble_student1 data=serialpart:7:3 message_id=2448
2026-02-13T10:39:45.546695 user_action user_id=5792951787 chat_id=5792951787 username=humble_student1 data=serialpart:7:10 message_id=2448
2026-02-13T10:39:50.549989 user_message user_id=5792951787 chat_id=5792951787 chat_type=private username=humble_student1 msg_type=ContentType.TEXT message_id=2451 text=/admin
2026-02-13T10:39:59.093834 user_action user_id=5792951787 chat_id=5792951787 username=humble_student1 data=admin:admins message_id=2452
2026-02-13T10:39:59.229558 admins_list user_id=5792951787
2026-02-13T10:43:58.472010 user_message user_id=5792951787 chat_id=5792951787 chat_type=private username=humble_student1 msg_type=ContentType.TEXT message_id=2453 text=7
2026-02-13T10:43:58.473067 serial_request user_id=5792951787 query=7
2026-02-13T10:44:01.345967 user_action user_id=5792951787 chat_id=5792951787 username=humble_student1 data=serialpart:7:9 message_id=2454
2026-02-13T10:44:03.770219 user_action user_id=5792951787 chat_id=5792951787 username=humble_student1 data=serialpart:7:5 message_id=2454
2026-02-13T10:44:05.545608 user_action user_id=5792951787 chat_id=5792951787 username=humble_student1 data=serialpart:7:1 message_id=2454
2026-02-13T10:44:07.422539 user_action user_id=5792951787 chat_id=5792951787 username=humble_student1 data=serialpart:7:7 message_id=2454
2026-02-13T10:44:08.137179 user_action user_id=5792951787 chat_id=5792951787 username=humble_student1 data=noop message_id=2454
2026-02-13T10:44:10.858705 user_action user_id=5792951787 chat_id=5792951787 username=humble_student1 data=serialpart:7:3 message_id=2454
2026-02-13T10:44:12.597831 user_action user_id=5792951787 chat_id=5792951787 username=humble_student1 data=serialpart:7:8 message_id=2454
2026-02-13T10:46:33.894386 user_message user_id=5792951787 chat_id=5792951787 chat_type=private username=humble_student1 msg_type=ContentType.TEXT message_id=2461 text=/admin
2026-02-13T10:46:36.471447 user_action user_id=5792951787 chat_id=5792951787 username=humble_student1 data=admin:admins message_id=2462
2026-02-13T10:46:36.621915 admins_list user_id=5792951787
2026-02-13T10:47:17.120854 user_message user_id=5792951787 chat_id=5792951787 chat_type=private username=humble_student1 msg_type=ContentType.TEXT message_id=2463 text=/admins
2026-02-13T10:50:48.167037 user_message user_id=5792951787 chat_id=5792951787 chat_type=private username=humble_student1 msg_type=ContentType.TEXT message_id=2465 text=/admin
2026-02-13T10:50:50.325382 user_message user_id=5792951787 chat_id=5792951787 chat_type=private username=humble_student1 msg_type=ContentType.TEXT message_id=2467 text=7
2026-02-13T10:50:50.326582 serial_request user_id=5792951787 query=7
2026-02-13T10:50:53.298675 user_action user_id=5792951787 chat_id=5792951787 username=humble_student1 data=serialpart:7:2 message_id=2468
2026-02-13T10:50:55.305203 user_action user_id=5792951787 chat_id=5792951787 username=humble_student1 data=serialpart:7:3 message_id=2468
2026-02-13T10:50:57.079124 user_action user_id=5792951787 chat_id=5792951787 username=humble_student1 data=serialpart:7:4 message_id=2468
2026-02-13T10:50:58.717503 user_action user_id=5792951787 chat_id=5792951787 username=humble_student1 data=serialpart:7:5 message_id=2468
2026-02-13T10:51:00.458446 user_action user_id=5792951787 chat_id=5792951787 username=humble_student1 data=serialpart:7:10 message_id=2468
2026-02-13T10:51:48.842564 user_action user_id=5792951787 chat_id=5792951787 username=humble_student1 data=serialpart:7:8 message_id=2468
2026-02-13T10:52:00.053891 user_action user_id=6499839380 chat_id=6499839380 username=Excel_student data=vipreceipt:approve:5792951787 message_id=2438
2026-02-13T10:52:01.979304 user_action user_id=6499839380 chat_id=6499839380 username=Excel_student data=vip:add:5792951787:30 message_id=2438
2026-02-13T10:52:03.867120 user_action user_id=6499839380 chat_id=6499839380 username=Excel_student data=admin:back message_id=2438
2026-02-13T10:52:13.363527 user_message user_id=6499839380 chat_id=6499839380 chat_type=private username=Excel_student msg_type=ContentType.TEXT message_id=2476 text=/admin
2026-02-13T10:52:16.037819 user_action user_id=6499839380 chat_id=6499839380 username=Excel_student data=admin:viplist message_id=2477
2026-02-13T10:52:21.123902 user_action user_id=6499839380 chat_id=6499839380 username=Excel_student data=admin:back message_id=2478
2026-02-13T10:52:23.749724 user_action user_id=6499839380 chat_id=6499839380 username=Excel_student data=admin:admins message_id=2478
2026-02-13T10:52:23.960990 admins_list user_id=6499839380
2026-02-13T10:52:26.303090 user_action user_id=6499839380 chat_id=6499839380 username=Excel_student data=admin:back message_id=2478
2026-02-13T10:52:29.852088 user_action user_id=6499839380 chat_id=6499839380 username=Excel_student data=admin:serials message_id=2478
2026-02-13T10:52:31.660334 user_action user_id=6499839380 chat_id=6499839380 username=Excel_student data=admin:serial:7 message_id=2478
2026-02-13T10:52:33.696830 user_action user_id=6499839380 chat_id=6499839380 username=Excel_student data=serialpart:7:3 message_id=2479
2026-02-13T10:52:35.865416 user_action user_id=6499839380 chat_id=6499839380 username=Excel_student data=serialpart:7:5 message_id=2479
2026-02-13T10:52:37.840542 user_action user_id=6499839380 chat_id=6499839380 username=Excel_student data=serialpart:7:8 message_id=2479
2026-02-13T10:54:14.104163 user_message user_id=6499839380 chat_id=6499839380 chat_type=private username=Excel_student msg_type=ContentType.TEXT message_id=2483 text=/start
2026-02-13T10:54:14.105239 user_start user_id=6499839380
2026-02-13T10:54:16.545815 user_message user_id=6499839380 chat_id=6499839380 chat_type=private username=Excel_student msg_type=ContentType.TEXT message_id=2485 text=7
2026-02-13T10:54:16.546055 serial_request user_id=6499839380 query=7
2026-02-13T10:54:19.746012 user_action user_id=6499839380 chat_id=6499839380 username=Excel_student data=serialpart:7:2 message_id=2486
2026-02-13T10:54:19.748423 vip_access_denied user_id=6543458177 serial_id=7 is_vip=1
2026-02-13T10:54:21.885715 user_action user_id=6499839380 chat_id=6499839380 username=Excel_student data=serialpart:7:3 message_id=2486
2026-02-13T10:54:21.890339 vip_access_denied user_id=6543458177 serial_id=7 is_vip=1
2026-02-13T10:54:23.320648 user_action user_id=6499839380 chat_id=6499839380 username=Excel_student data=serialpart:7:9 message_id=2486
2026-02-13T10:54:23.323350 vip_access_denied user_id=6543458177 serial_id=7 is_vip=1
2026-02-13T10:57:22.100188 user_action user_id=6499839380 chat_id=6499839380 username=Excel_student data=serialpart:7:2 message_id=2486
2026-02-13T10:57:22.103303 vip_access_denied user_id=6543458177 serial_id=7 is_vip=1
2026-02-13T10:57:24.364484 user_action user_id=6499839380 chat_id=6499839380 username=Excel_student data=serialpart:7:10 message_id=2486
2026-02-13T10:57:24.368012 vip_access_denied user_id=6543458177 serial_id=7 is_vip=1
2026-02-13T10:57:26.291121 user_action user_id=6499839380 chat_id=6499839380 username=Excel_student data=serialpart:7:7 message_id=2486
2026-02-13T10:57:26.293655 vip_access_denied user_id=6543458177 serial_id=7 is_vip=1
2026-02-13T10:57:58.295731 user_message user_id=6499839380 chat_id=6499839380 chat_type=private username=Excel_student msg_type=ContentType.TEXT message_id=2493 text=/start
2026-02-13T10:57:58.296439 user_start user_id=6499839380
2026-02-13T10:58:02.578890 user_action user_id=6499839380 chat_id=6499839380 username=Excel_student data=user:sendcode message_id=2494
2026-02-13T10:58:03.720425 user_message user_id=6499839380 chat_id=6499839380 chat_type=private username=Excel_student msg_type=ContentType.TEXT message_id=2495 text=4
2026-02-13T10:58:03.720665 serial_request user_id=6499839380 query=4
2026-02-13T10:58:06.158043 user_action user_id=6499839380 chat_id=6499839380 username=Excel_student data=serialpart:4:14 message_id=2496
2026-02-13T10:58:07.515137 serial_part_sent user_id=6499839380 serial_id=4 part=14
2026-02-13T10:58:10.696774 user_message user_id=6499839380 chat_id=6499839380 chat_type=private username=Excel_student msg_type=ContentType.TEXT message_id=2498 text=7
2026-02-13T10:58:10.696980 serial_request user_id=6499839380 query=7
2026-02-13T10:58:13.135150 user_action user_id=6499839380 chat_id=6499839380 username=Excel_student data=serialpart:7:8 message_id=2499
2026-02-13T10:58:13.139658 vip_access_denied user_id=6543458177 serial_id=7 is_vip=1
2026-02-13T10:58:15.456219 user_action user_id=6499839380 chat_id=6499839380 username=Excel_student data=serialpart:7:7 message_id=2499
2026-02-13T10:58:15.460937 vip_access_denied user_id=6543458177 serial_id=7 is_vip=1
2026-02-13T10:58:17.251972 user_action user_id=6499839380 chat_id=6499839380 username=Excel_student data=serialpart:7:10 message_id=2499
2026-02-13T10:58:17.254473 vip_access_denied user_id=6543458177 serial_id=7 is_vip=1
2026-02-13T10:58:18.991551 user_action user_id=6499839380 chat_id=6499839380 username=Excel_student data=serialpart:7:6 message_id=2499
2026-02-13T10:58:18.995095 vip_access_denied user_id=6543458177 serial_id=7 is_vip=1
2026-02-13T10:58:40.091304 user_message user_id=6499839380 chat_id=6499839380 chat_type=private username=Excel_student msg_type=ContentType.TEXT message_id=2504 text=/admin
2026-02-13T10:58:44.209507 user_action user_id=6499839380 chat_id=6499839380 username=Excel_student data=admin:serials message_id=2505
2026-02-13T10:58:48.744072 user_action user_id=6499839380 chat_id=6499839380 username=Excel_student data=admin:serial:7 message_id=2505
2026-02-13T10:58:51.198488 user_action user_id=6499839380 chat_id=6499839380 username=Excel_student data=serialpart:7:9 message_id=2506
2026-02-13T10:58:51.201272 vip_access_denied user_id=6543458177 serial_id=7 is_vip=1
2026-02-13T11:03:26.645369 user_action user_id=6499839380 chat_id=6499839380 username=Excel_student data=serialpart:7:8 message_id=2506
2026-02-13T11:03:27.441562 serial_part_sent user_id=6499839380 serial_id=7 part=8
2026-02-13T11:03:29.660714 user_action user_id=6499839380 chat_id=6499839380 username=Excel_student data=serialpart:7:10 message_id=2508
2026-02-13T11:03:30.137500 serial_part_sent user_id=6499839380 serial_id=7 part=10
2026-02-13T11:03:34.936461 user_message user_id=6499839380 chat_id=6499839380 chat_type=private username=Excel_student msg_type=ContentType.TEXT message_id=2510 text=/admin
2026-02-13T11:03:37.329682 user_action user_id=6499839380 chat_id=6499839380 username=Excel_student data=admin:viplist message_id=2511
2026-02-13T11:03:42.701460 user_action user_id=6499839380 chat_id=6499839380 username=Excel_student data=admin:back message_id=2512
2026-02-13T11:03:46.334794 user_action user_id=6499839380 chat_id=6499839380 username=Excel_student data=admin:help message_id=2512
2026-02-13T11:03:53.070980 user_message user_id=6499839380 chat_id=6499839380 chat_type=private username=Excel_student msg_type=ContentType.TEXT message_id=2513 text=/help
2026-02-13T11:03:53.271076 admins_list user_id=6499839380
2026-02-13T11:07:26.320092 user_action user_id=5792951787 chat_id=5792951787 username=humble_student1 data=serialpart:7:7 message_id=2468
2026-02-13T11:07:26.770513 serial_part_sent user_id=5792951787 serial_id=7 part=7
2026-02-13T11:07:30.145262 user_message user_id=5792951787 chat_id=5792951787 chat_type=private username=humble_student1 msg_type=ContentType.TEXT message_id=2516 text=/admin
2026-02-13T11:07:41.627037 user_message user_id=5792951787 chat_id=5792951787 chat_type=private username=humble_student1 msg_type=ContentType.TEXT message_id=2518 text=/broadcast helllo
2026-02-13T11:07:44.298746 user_action user_id=5792951787 chat_id=5792951787 username=humble_student1 data=broadcast:admins message_id=2519
2026-02-13T11:07:44.686473 broadcast user_id=5792951787 target=admins ok=1 failed=1
2026-02-13T11:28:29.682036 user_message user_id=5792951787 chat_id=5792951787 chat_type=private username=humble_student1 msg_type=ContentType.TEXT message_id=2521 text=/admin
2026-02-13T11:28:41.079265 user_message user_id=5792951787 chat_id=5792951787 chat_type=private username=humble_student1 msg_type=ContentType.TEXT message_id=2523 text=/start
2026-02-13T11:28:41.080378 user_start user_id=5792951787
2026-02-13T11:29:05.514887 user_message user_id=6499839380 chat_id=6499839380 chat_type=private username=Excel_student msg_type=ContentType.TEXT message_id=2525 text=/start
2026-02-13T11:29:05.515354 user_start user_id=6499839380
2026-02-13T11:29:08.310211 user_action user_id=6499839380 chat_id=6499839380 username=Excel_student data=user:sendcode message_id=2526
2026-02-13T11:29:09.678535 user_message user_id=6499839380 chat_id=6499839380 chat_type=private username=Excel_student msg_type=ContentType.TEXT message_id=2527 text=7
2026-02-13T11:29:09.678714 serial_request user_id=6499839380 query=7
2026-02-13T11:29:11.932662 user_action user_id=6499839380 chat_id=6499839380 username=Excel_student data=serialpart:7:9 message_id=2528
2026-02-13T11:29:12.548098 serial_part_sent user_id=6499839380 serial_id=7 part=9
2026-02-13T11:29:15.017598 user_action user_id=6499839380 chat_id=6499839380 username=Excel_student data=serialpart:7:10 message_id=2529
2026-02-13T11:29:15.632128 serial_part_sent user_id=6499839380 serial_id=7 part=10
2026-02-13T11:29:18.230628 user_message user_id=6499839380 chat_id=6499839380 chat_type=private username=Excel_student msg_type=ContentType.TEXT message_id=2531 text=/admin
2026-02-13T11:29:21.185432 user_action user_id=6499839380 chat_id=6499839380 username=Excel_student data=admin:channels message_id=2532
2026-02-13T11:29:23.153336 user_action user_id=6499839380 chat_id=6499839380 username=Excel_student data=admin:back message_id=2532
2026-02-13T11:29:26.102832 user_action user_id=6499839380 chat_id=6499839380 username=Excel_student data=admin:serials message_id=2532
2026-02-13T11:29:33.965144 user_action user_id=6499839380 chat_id=6499839380 username=Excel_student data=admin:back message_id=2532
2026-02-13T11:29:36.794650 user_action user_id=6499839380 chat_id=6499839380 username=Excel_student data=admin:help message_id=2532
2026-02-13T11:29:41.938287 user_action user_id=6499839380 chat_id=6499839380 username=Excel_student data=admin:back message_id=2532
2026-02-13T11:29:50.484380 user_message user_id=6499839380 chat_id=6499839380 chat_type=private username=Excel_student msg_type=ContentType.TEXT message_id=2533 text=/start
2026-02-13T11:29:50.485079 user_start user_id=6499839380
2026-02-13T11:29:53.337223 user_action user_id=6499839380 chat_id=6499839380 username=Excel_student data=user:vipinfo message_id=2534
2026-02-13T11:30:01.258452 user_action user_id=6499839380 chat_id=6499839380 username=Excel_student data=vipjoin:start message_id=2535
2026-02-13T11:30:20.851971 user_message user_id=6499839380 chat_id=6499839380 chat_type=private username=Excel_student msg_type=ContentType.PHOTO message_id=2536 text=
2026-02-13T11:30:37.674398 user_action user_id=5792951787 chat_id=5792951787 username=humble_student1 data=vipreceipt:approve:6499839380 message_id=2537
2026-02-13T11:30:40.449509 user_action user_id=5792951787 chat_id=5792951787 username=humble_student1 data=vip:add:6499839380:30 message_id=2537
2026-02-13T11:31:03.838635 user_action user_id=6499839380 chat_id=6499839380 username=Excel_student data=vipreceipt:reject:6499839380 message_id=2539
2026-02-13T11:31:55.545549 user_message user_id=6499839380 chat_id=6499839380 chat_type=private username=Excel_student msg_type=ContentType.TEXT message_id=2543 text=/start
2026-02-13T11:31:55.546591 user_start user_id=6499839380
2026-02-13T11:31:58.514640 user_action user_id=6499839380 chat_id=6499839380 username=Excel_student data=user:contact message_id=2544
2026-02-13T11:32:20.585063 user_message user_id=6499839380 chat_id=6499839380 chat_type=private username=Excel_student msg_type=ContentType.TEXT message_id=2546 text=salom adminlar tezlik va sevgi dramasi ham yuklang
2026-02-13T11:34:11.944228 user_message user_id=5792951787 chat_id=5792951787 chat_type=private username=humble_student1 msg_type=ContentType.TEXT message_id=2553 text=/start
2026-02-13T11:34:11.944942 user_start user_id=5792951787
2026-02-13T11:34:20.772943 user_message user_id=6499839380 chat_id=6499839380 chat_type=private username=Excel_student msg_type=ContentType.TEXT message_id=2555 text=/admin
2026-02-13T11:34:24.117497 user_message user_id=6499839380 chat_id=6499839380 chat_type=private username=Excel_student msg_type=ContentType.TEXT message_id=2557 text=/start
2026-02-13T11:34:24.118254 user_start user_id=6499839380
2026-02-13T11:34:26.327496 user_action user_id=6499839380 chat_id=6499839380 username=Excel_student data=user:contact message_id=2558
2026-02-13T11:34:53.341840 user_message user_id=6499839380 chat_id=6499839380 chat_type=private username=Excel_student msg_type=ContentType.TEXT message_id=2560 text=Assalom aleykum adminlar kuchli qiz do bong soon dramasini yuklang
2026-02-13T11:37:19.190639 user_message user_id=8554211484 chat_id=8554211484 chat_type=private username=kim_bora_o7 msg_type=ContentType.TEXT message_id=2567 text=7
2026-02-13T11:37:22.976337 user_action user_id=8554211484 chat_id=8554211484 username=kim_bora_o7 data=check_subs message_id=2568
2026-02-13T11:38:19.968255 user_message user_id=8554211484 chat_id=8554211484 chat_type=private username=kim_bora_o7 msg_type=ContentType.TEXT message_id=2569 text=7
2026-02-13T11:51:26.345987 user_message user_id=8315669548 chat_id=8315669548 chat_type=private username=Sa_lomatt msg_type=ContentType.TEXT message_id=2571 text=/start
2026-02-13T11:51:26.346426 user_start user_id=8315669548
2026-02-13T11:51:29.418520 user_action user_id=8315669548 chat_id=8315669548 username=Sa_lomatt data=user:vipinfo message_id=2572
2026-02-13T12:00:17.978206 user_message user_id=6499839380 chat_id=6499839380 chat_type=private username=Excel_student msg_type=ContentType.TEXT message_id=2574 text=/admin
2026-02-13T12:00:20.522792 user_action user_id=6499839380 chat_id=6499839380 username=Excel_student data=admin:addadmin message_id=2575
2026-02-13T12:00:41.370962 user_message user_id=6499839380 chat_id=6499839380 chat_type=private username=Excel_student msg_type=ContentType.TEXT message_id=2576 text=/addadmin 8554211484
2026-02-13T12:00:41.371914 admin_add_start user_id=6499839380 target_id=8554211484
2026-02-13T12:00:44.341227 user_action user_id=6499839380 chat_id=6499839380 username=Excel_student data=perm:toggle:can_manage_admins message_id=2577
2026-02-13T12:00:44.472295 admin_perm_toggle user_id=6499839380 target_id=8554211484 key=can_manage_admins value=0
2026-02-13T12:00:46.173277 user_action user_id=6499839380 chat_id=6499839380 username=Excel_student data=perm:toggle:can_backup message_id=2577
2026-02-13T12:00:46.358863 admin_perm_toggle user_id=6499839380 target_id=8554211484 key=can_backup value=0
2026-02-13T12:00:49.557578 user_action user_id=6499839380 chat_id=6499839380 username=Excel_student data=perm:toggle:can_view_logs message_id=2577
2026-02-13T12:00:49.694524 admin_perm_toggle user_id=6499839380 target_id=8554211484 key=can_view_logs value=0
2026-02-13T12:00:52.933613 user_action user_id=6499839380 chat_id=6499839380 username=Excel_student data=perm:toggle:can_manage_vip message_id=2577
2026-02-13T12:00:53.132597 admin_perm_toggle user_id=6499839380 target_id=8554211484 key=can_manage_vip value=0
2026-02-13T12:00:56.419407 user_action user_id=6499839380 chat_id=6499839380 username=Excel_student data=perm:save message_id=2577
2026-02-13T12:00:56.425597 admin_saved user_id=6499839380 target_id=8554211484
2026-02-13T12:00:58.577024 user_action user_id=6499839380 chat_id=6499839380 username=Excel_student data=admin:back message_id=2577
2026-02-13T12:01:02.045563 user_action user_id=6499839380 chat_id=6499839380 username=Excel_student data=admin:admins message_id=2577
2026-02-13T12:01:02.196474 admins_list user_id=6499839380
2026-02-13T12:02:49.055634 user_message user_id=6499839380 chat_id=6499839380 chat_type=private username=Excel_student msg_type=ContentType.TEXT message_id=2578 text=/start
2026-02-13T12:02:49.056904 user_start user_id=6499839380
2026-02-13T12:02:51.125288 user_action user_id=6499839380 chat_id=6499839380 username=Excel_student data=admin:back message_id=2577
2026-02-13T12:02:55.547260 user_action user_id=6499839380 chat_id=6499839380 username=Excel_student data=admin:admins message_id=2577
2026-02-13T12:02:55.681234 admins_list user_id=6499839380
2026-02-13T12:03:09.167116 user_action user_id=6499839380 chat_id=6499839380 username=Excel_student data=admin:back message_id=2577
2026-02-13T12:05:24.789690 user_action user_id=6499839380 chat_id=6499839380 username=Excel_student data=admin:viplist message_id=2577
2026-02-13T12:05:27.875146 user_action user_id=6499839380 chat_id=6499839380 username=Excel_student data=admin:back message_id=2580
2026-02-13T12:05:32.324279 user_action user_id=6499839380 chat_id=6499839380 username=Excel_student data=admin:editadmin message_id=2580
2026-02-13T12:07:19.852187 user_action user_id=6499839380 chat_id=6499839380 username=Excel_student data=admin:back message_id=2580
2026-02-13T12:07:22.092071 user_action user_id=6499839380 chat_id=6499839380 username=Excel_student data=admin:editadmin message_id=2580
2026-02-13T12:07:39.056856 user_action user_id=6499839380 chat_id=6499839380 username=Excel_student data=admin:edit:6499839380 message_id=2580
2026-02-13T12:07:39.057046 admin_edit_start user_id=6499839380 target_id=6499839380
2026-02-13T12:07:41.811722 user_action user_id=6499839380 chat_id=6499839380 username=Excel_student data=perm:toggle:can_manage_admins message_id=2580
2026-02-13T12:07:41.972051 admin_perm_toggle user_id=6499839380 target_id=6499839380 key=can_manage_admins value=0
2026-02-13T12:07:47.334908 user_action user_id=6499839380 chat_id=6499839380 username=Excel_student data=perm:toggle:can_backup message_id=2580
2026-02-13T12:07:47.478799 admin_perm_toggle user_id=6499839380 target_id=6499839380 key=can_backup value=0
2026-02-13T12:07:48.681275 user_action user_id=6499839380 chat_id=6499839380 username=Excel_student data=perm:save message_id=2580
2026-02-13T12:07:48.693963 admin_saved user_id=6499839380 target_id=6499839380
2026-02-13T12:07:51.675611 user_action user_id=6499839380 chat_id=6499839380 username=Excel_student data=admin:back message_id=2580
2026-02-13T12:07:54.574416 user_action user_id=6499839380 chat_id=6499839380 username=Excel_student data=admin:admins message_id=2580
2026-02-13T12:07:54.706858 admins_list user_id=6499839380
2026-02-13T12:08:02.295817 user_action user_id=6499839380 chat_id=6499839380 username=Excel_student data=admin:back message_id=2580
2026-02-13T12:08:05.778335 user_action user_id=6499839380 chat_id=6499839380 username=Excel_student data=admin:admins message_id=2580
2026-02-13T12:08:06.080216 admins_list user_id=6499839380
2026-02-13T12:08:09.670135 user_action user_id=6499839380 chat_id=6499839380 username=Excel_student data=admin:back message_id=2580
2026-02-13T12:08:12.563605 user_action user_id=6499839380 chat_id=6499839380 username=Excel_student data=admin:editadmin message_id=2580
2026-02-13T12:08:15.408328 user_action user_id=6499839380 chat_id=6499839380 username=Excel_student data=admin:edit:8554211484 message_id=2580
2026-02-13T12:08:15.409988 admin_edit_start user_id=6499839380 target_id=8554211484
2026-02-13T12:08:17.454712 user_action user_id=6499839380 chat_id=6499839380 username=Excel_student data=perm:toggle:can_view_logs message_id=2580
2026-02-13T12:08:17.604642 admin_perm_toggle user_id=6499839380 target_id=8554211484 key=can_view_logs value=1
2026-02-13T12:08:19.810009 user_action user_id=6499839380 chat_id=6499839380 username=Excel_student data=perm:save message_id=2580
2026-02-13T12:08:19.828753 admin_saved user_id=6499839380 target_id=8554211484
2026-02-13T12:08:21.648879 user_action user_id=6499839380 chat_id=6499839380 username=Excel_student data=admin:back message_id=2580
2026-02-13T12:08:24.087081 user_action user_id=6499839380 chat_id=6499839380 username=Excel_student data=admin:admins message_id=2580
2026-02-13T12:08:24.410441 admins_list user_id=6499839380
2026-02-13T12:08:47.842323 user_action user_id=6499839380 chat_id=6499839380 username=Excel_student data=admin:back message_id=2580
2026-02-13T12:08:51.260765 user_action user_id=6499839380 chat_id=6499839380 username=Excel_student data=admin:editadmin message_id=2580
2026-02-13T12:08:56.457967 user_action user_id=6499839380 chat_id=6499839380 username=Excel_student data=admin:edit:5792951787 message_id=2580
2026-02-13T12:08:56.459574 admin_edit_start user_id=6499839380 target_id=5792951787
2026-02-13T12:09:03.303128 user_action user_id=6499839380 chat_id=6499839380 username=Excel_student data=perm:toggle:can_backup message_id=2580
2026-02-13T12:09:03.451935 admin_perm_toggle user_id=6499839380 target_id=5792951787 key=can_backup value=0
2026-02-13T12:09:04.682881 user_action user_id=6499839380 chat_id=6499839380 username=Excel_student data=perm:save message_id=2580
2026-02-13T12:09:04.694888 admin_saved user_id=6499839380 target_id=5792951787
2026-02-13T12:09:07.040438 user_action user_id=6499839380 chat_id=6499839380 username=Excel_student data=admin:back message_id=2580
2026-02-13T12:09:09.410063 user_action user_id=6499839380 chat_id=6499839380 username=Excel_student data=admin:admins message_id=2580
2026-02-13T12:09:09.572899 admins_list user_id=6499839380
2026-02-13T12:09:21.276435 user_action user_id=6499839380 chat_id=6499839380 username=Excel_student data=admin:back message_id=2580
2026-02-13T12:09:24.222220 user_action user_id=6499839380 chat_id=6499839380 username=Excel_student data=admin:editadmin message_id=2580
2026-02-13T12:09:26.162546 user_action user_id=6499839380 chat_id=6499839380 username=Excel_student data=admin:edit:5792951787 message_id=2580
2026-02-13T12:09:26.164183 admin_edit_start user_id=6499839380 target_id=5792951787
2026-02-13T12:09:27.848581 user_action user_id=6499839380 chat_id=6499839380 username=Excel_student data=perm:toggle:can_manage_admins message_id=2580
2026-02-13T12:09:27.999894 admin_perm_toggle user_id=6499839380 target_id=5792951787 key=can_manage_admins value=0
2026-02-13T12:09:34.974697 user_action user_id=6499839380 chat_id=6499839380 username=Excel_student data=perm:toggle:can_view_logs message_id=2580
2026-02-13T12:09:35.120490 admin_perm_toggle user_id=6499839380 target_id=5792951787 key=can_view_logs value=0
2026-02-13T12:09:40.301058 user_action user_id=6499839380 chat_id=6499839380 username=Excel_student data=perm:toggle:can_manage_vip message_id=2580
2026-02-13T12:09:40.495306 admin_perm_toggle user_id=6499839380 target_id=5792951787 key=can_manage_vip value=0
2026-02-13T12:09:42.618800 user_action user_id=6499839380 chat_id=6499839380 username=Excel_student data=perm:save message_id=2580
2026-02-13T12:09:42.631739 admin_saved user_id=6499839380 target_id=5792951787
2026-02-13T12:09:44.910070 user_action user_id=6499839380 chat_id=6499839380 username=Excel_student data=admin:back message_id=2580
2026-02-13T12:09:49.121592 user_action user_id=6499839380 chat_id=6499839380 username=Excel_student data=admin:admins message_id=2580
2026-02-13T12:09:49.507493 admins_list user_id=6499839380
2026-02-13T12:10:06.785606 user_message user_id=5792951787 chat_id=5792951787 chat_type=private username=humble_student1 msg_type=ContentType.TEXT message_id=2581 text=/admin
2026-02-13T12:10:11.628473 user_action user_id=5792951787 chat_id=5792951787 username=humble_student1 data=admin:admins message_id=2582
2026-02-13T12:10:11.828802 admins_list user_id=5792951787
2026-02-13T12:10:14.851236 user_action user_id=5792951787 chat_id=5792951787 username=humble_student1 data=admin:back message_id=2582
2026-02-13T12:10:16.664082 user_action user_id=5792951787 chat_id=5792951787 username=humble_student1 data=admin:editadmin message_id=2582
2026-02-13T12:10:21.072674 user_action user_id=5792951787 chat_id=5792951787 username=humble_student1 data=admin:admins message_id=2582
2026-02-13T12:10:21.208195 admins_list user_id=5792951787
2026-02-13T12:10:26.190863 user_action user_id=5792951787 chat_id=5792951787 username=humble_student1 data=admin:back message_id=2582
2026-02-13T12:10:28.326066 user_action user_id=5792951787 chat_id=5792951787 username=humble_student1 data=admin:logs message_id=2582
2026-02-13T12:10:31.792619 user_action user_id=5792951787 chat_id=5792951787 username=humble_student1 data=admin:logfile message_id=2582
2026-02-13T12:10:35.898307 user_action user_id=5792951787 chat_id=5792951787 username=humble_student1 data=admin:users message_id=2582
2026-02-13T12:10:39.684414 user_action user_id=5792951787 chat_id=5792951787 username=humble_student1 data=admin:back message_id=2582
2026-02-13T12:10:42.063420 user_action user_id=5792951787 chat_id=5792951787 username=humble_student1 data=admin:vipmsg message_id=2582
2026-02-13T12:10:49.429145 user_action user_id=5792951787 chat_id=5792951787 username=humble_student1 data=admin:addchannel message_id=2582
2026-02-13T12:10:51.589248 user_action user_id=5792951787 chat_id=5792951787 username=humble_student1 data=admin:back message_id=2582
2026-02-13T12:10:55.936127 user_action user_id=5792951787 chat_id=5792951787 username=humble_student1 data=admin:addserial message_id=2582
2026-02-13T12:10:55.971303 serial_add_start user_id=5792951787
2026-02-13T12:10:58.237343 user_action user_id=5792951787 chat_id=5792951787 username=humble_student1 data=serial:cancel message_id=2582
2026-02-13T12:15:28.809667 user_action user_id=5792951787 chat_id=5792951787 username=humble_student1 data=admin:addserial message_id=2582
2026-02-13T12:15:28.822026 serial_add_start user_id=5792951787
2026-02-13T12:16:10.003837 user_message user_id=5792951787 chat_id=5792951787 chat_type=private username=humble_student1 msg_type=ContentType.TEXT message_id=2583 text=Farishtaning muhabbati
2026-02-13T12:16:10.020869 serial_created user_id=5792951787 serial_id=10 code=10
2026-02-13T12:16:31.098979 user_message user_id=5792951787 chat_id=5792951787 chat_type=private username=humble_student1 msg_type=ContentType.VIDEO message_id=2586 text=Farishtaning muhabbati🎀 1-qism 💿 Uzbek tilida 🇺🇿 Dublaj Splay 🎙️ Endi Telegram kanalda❤️‍🔥
2026-02-13T12:16:31.297894 serial_part_added user_id=5792951787 serial_id=10 part=1
2026-02-13T12:16:48.329584 user_message user_id=5792951787 chat_id=5792951787 chat_type=private username=humble_student1 msg_type=ContentType.VIDEO message_id=2589 text=Farishtaning muhabbati🎀 2-qism 💿 Uzbek tilida 🇺🇿 Dublaj Splay 🎙️ Endi Telegram kanalda❤️‍🔥
2026-02-13T12:16:48.539074 serial_part_added user_id=5792951787 serial_id=10 part=2
2026-02-13T12:17:04.497054 user_message user_id=5792951787 chat_id=5792951787 chat_type=private username=humble_student1 msg_type=ContentType.VIDEO message_id=2592 text=Farishtaning muhabbati🎀 3-qism 💿 Uzbek tilida 🇺🇿 Dublaj Splay 🎙️ Endi Telegram kanalda❤️‍🔥
2026-02-13T12:17:04.935398 serial_part_added user_id=5792951787 serial_id=10 part=3
2026-02-13T12:17:08.505975 user_action user_id=5792951787 chat_id=5792951787 username=humble_student1 data=newpart:skip:10:3 message_id=2593
2026-02-13T12:17:22.743932 user_message user_id=5792951787 chat_id=5792951787 chat_type=private username=humble_student1 msg_type=ContentType.VIDEO message_id=2595 text=Farishtaning muhabbati🎀 4-qism 💿 Uzbek tilida 🇺🇿 Dublaj Splay 🎙️ Endi Telegram kanalda❤️‍🔥
2026-02-13T12:17:23.000573 serial_part_added user_id=5792951787 serial_id=10 part=4
2026-02-13T12:17:33.704291 user_message user_id=5792951787 chat_id=5792951787 chat_type=private username=humble_student1 msg_type=ContentType.VIDEO message_id=2598 text=Farishtaning muhabbati🎀 5-qism 💿 Uzbek tilida 🇺🇿 Dublaj Splay 🎙️ Endi Telegram kanalda❤️‍🔥
2026-02-13T12:17:33.959562 serial_part_added user_id=5792951787 serial_id=10 part=5
2026-02-13T12:17:37.415973 user_action user_id=5792951787 chat_id=5792951787 username=humble_student1 data=serial:cancel message_id=2600
2026-02-13T12:17:40.003477 user_action user_id=5792951787 chat_id=5792951787 username=humble_student1 data=admin:serials message_id=2600
2026-02-13T12:17:55.198941 user_message user_id=5792951787 chat_id=5792951787 chat_type=private username=humble_student1 msg_type=ContentType.TEXT message_id=2601 text=/start
2026-02-13T12:17:55.200145 user_start user_id=5792951787
2026-02-13T12:18:21.108497 user_message user_id=5792951787 chat_id=5792951787 chat_type=private username=humble_student1 msg_type=ContentType.TEXT message_id=2603 text=Ortga
2026-02-13T12:18:23.667627 user_action user_id=5792951787 chat_id=5792951787 username=humble_student1 data=user:serials message_id=2602
2026-02-13T12:18:30.737271 user_message user_id=5792951787 chat_id=5792951787 chat_type=private username=humble_student1 msg_type=ContentType.TEXT message_id=2606 text=Farishtaning muhabbati
2026-02-13T12:18:30.740467 serial_request user_id=5792951787 query=Farishtaning muhabbati
2026-02-13T12:18:33.840842 user_action user_id=5792951787 chat_id=5792951787 username=humble_student1 data=serialpart:10:4 message_id=2607
2026-02-13T12:18:34.415868 serial_part_sent user_id=5792951787 serial_id=10 part=4
2026-02-13T12:18:36.267482 user_action user_id=5792951787 chat_id=5792951787 username=humble_student1 data=serialpart:10:5 message_id=2608
2026-02-13T12:18:36.977577 serial_part_sent user_id=5792951787 serial_id=10 part=5
2026-02-13T12:19:28.584740 user_message user_id=5792951787 chat_id=5792951787 chat_type=private username=humble_student1 msg_type=ContentType.TEXT message_id=2610 text=/admin
2026-02-13T12:19:31.575705 user_action user_id=5792951787 chat_id=5792951787 username=humble_student1 data=admin:addpart message_id=2611
2026-02-13T12:19:37.870732 user_message user_id=5792951787 chat_id=5792951787 chat_type=private username=humble_student1 msg_type=ContentType.TEXT message_id=2612 text=/addpart 10
2026-02-13T12:19:38.041448 serial_addpart_start user_id=5792951787 serial_id=10 next_part=6
2026-02-13T12:19:51.804743 user_message user_id=5792951787 chat_id=5792951787 chat_type=private username=humble_student1 msg_type=ContentType.VIDEO message_id=2614 text=Farishtaning muhabbati💘 6-qism 💿 Uzbek tilida 🇺🇿 Dublaj Splay 🎙️ Endi Telegram kanalda❤️‍🔥
2026-02-13T12:19:51.924000 user_message user_id=5792951787 chat_id=5792951787 chat_type=private username=humble_student1 msg_type=ContentType.VIDEO message_id=2615 text=Farishtaning muhabbati💘 7-qism 💿 Uzbek tilida 🇺🇿 Dublaj Splay 🎙️ Endi Telegram kanalda❤️‍🔥
2026-02-13T12:19:52.116095 serial_part_added user_id=5792951787 serial_id=10 part=6
2026-02-13T12:20:00.253564 user_message user_id=5792951787 chat_id=5792951787 chat_type=private username=humble_student1 msg_type=ContentType.VIDEO message_id=2618 text=Farishtaning muhabbati💘 7-qism 💿 Uzbek tilida 🇺🇿 Dublaj Splay 🎙️ Endi Telegram kanalda❤️‍🔥
2026-02-13T12:20:00.654839 serial_part_added user_id=5792951787 serial_id=10 part=7
2026-02-13T12:20:12.924945 user_message user_id=5792951787 chat_id=5792951787 chat_type=private username=humble_student1 msg_type=ContentType.VIDEO message_id=2621 text=Farishtaning muhabbati💘 8-qism 💿 Uzbek tilida 🇺🇿 Dublaj Splay 🎙️ Endi Telegram kanalda❤️‍🔥
2026-02-13T12:20:13.260669 serial_part_added user_id=5792951787 serial_id=10 part=8
2026-02-13T12:20:27.261694 user_message user_id=5792951787 chat_id=5792951787 chat_type=private username=humble_student1 msg_type=ContentType.VIDEO message_id=2624 text=Farishtaning muhabbati🎀 9-qism 💿 Uzbek tilida 🇺🇿 Dublaj Splay 🎙️ Endi Telegram kanalda❤️‍🔥
2026-02-13T12:20:27.488622 serial_part_added user_id=5792951787 serial_id=10 part=9
2026-02-13T12:20:37.910292 user_message user_id=5792951787 chat_id=5792951787 chat_type=private username=humble_student1 msg_type=ContentType.VIDEO message_id=2627 text=Farishtaning muhabbati🎀 10-qism 💿 Uzbek tilida 🇺🇿 Dublaj Splay 🎙️ Endi Telegram kanalda❤️‍🔥
2026-02-13T12:20:38.216915 serial_part_added user_id=5792951787 serial_id=10 part=10
2026-02-13T12:20:40.790847 user_action user_id=5792951787 chat_id=5792951787 username=humble_student1 data=serial:cancel message_id=2629
2026-02-13T12:20:44.465942 user_action user_id=5792951787 chat_id=5792951787 username=humble_student1 data=admin:admins message_id=2629
2026-02-13T12:20:44.631813 admins_list user_id=5792951787
2026-02-13T12:20:48.085361 user_action user_id=5792951787 chat_id=5792951787 username=humble_student1 data=admin:back message_id=2629
2026-02-13T12:20:51.315456 user_action user_id=5792951787 chat_id=5792951787 username=humble_student1 data=admin:vipcard message_id=2629
2026-02-13T12:20:55.626622 user_action user_id=5792951787 chat_id=5792951787 username=humble_student1 data=admin:stats message_id=2629
2026-02-13T12:21:03.491314 user_action user_id=5792951787 chat_id=5792951787 username=humble_student1 data=admin:back message_id=2629
2026-02-13T12:21:11.679523 user_action user_id=5792951787 chat_id=5792951787 username=humble_student1 data=admin:serials message_id=2629
2026-02-13T12:21:14.019989 user_action user_id=5792951787 chat_id=5792951787 username=humble_student1 data=admin:serial:10 message_id=2629
2026-02-13T12:21:16.925813 user_action user_id=5792951787 chat_id=5792951787 username=humble_student1 data=serialpart:10:10 message_id=2630
2026-02-13T12:21:17.437854 serial_part_sent user_id=5792951787 serial_id=10 part=10
2026-02-13T12:22:16.318860 user_action user_id=5792951787 chat_id=5792951787 username=humble_student1 data=admin:back message_id=2629
2026-02-13T12:22:22.356147 user_action user_id=5792951787 chat_id=5792951787 username=humble_student1 data=admin:addpart message_id=2629
2026-02-13T12:22:30.958138 user_message user_id=5792951787 chat_id=5792951787 chat_type=private username=humble_student1 msg_type=ContentType.TEXT message_id=2632 text=/addpart 10
2026-02-13T12:22:31.120407 serial_addpart_start user_id=5792951787 serial_id=10 next_part=11
2026-02-13T12:22:42.736795 user_message user_id=5792951787 chat_id=5792951787 chat_type=private username=humble_student1 msg_type=ContentType.VIDEO message_id=2634 text=Farishtaning muhabbati🎀 11-qism 💿 Uzbek tilida 🇺🇿 Dublaj Splay 🎙️ Endi Telegram kanalda❤️‍🔥
2026-02-13T12:22:42.983922 serial_part_added user_id=5792951787 serial_id=10 part=11
2026-02-13T12:22:55.537980 user_message user_id=5792951787 chat_id=5792951787 chat_type=private username=humble_student1 msg_type=ContentType.VIDEO message_id=2637 text=Farishtaning muhabbati🎀 12-qism 💿 Uzbek tilida 🇺🇿 Dublaj Splay 🎙️ Endi Telegram kanalda❤️‍🔥
2026-02-13T12:22:55.742350 serial_part_added user_id=5792951787 serial_id=10 part=12
2026-02-13T12:22:55.795266 user_message user_id=5792951787 chat_id=5792951787 chat_type=private username=humble_student1 msg_type=ContentType.VIDEO message_id=2638 text=Farishtaning muhabbati🎀 13-qism 💿 Uzbek tilida 🇺🇿 Dublaj Splay 🎙️ Endi Telegram kanalda❤️‍🔥
2026-02-13T12:22:56.450431 serial_part_added user_id=5792951787 serial_id=10 part=13
2026-02-13T12:23:11.355490 user_message user_id=5792951787 chat_id=5792951787 chat_type=private username=humble_student1 msg_type=ContentType.VIDEO message_id=2643 text=Farishtaning muhabbati🎀 14-qism 💿 Uzbek tilida 🇺🇿 Dublaj Splay 🎙️ Endi Telegram kanalda❤️‍🔥
2026-02-13T12:23:11.479800 user_message user_id=5792951787 chat_id=5792951787 chat_type=private username=humble_student1 msg_type=ContentType.VIDEO message_id=2644 text=Farishtaning muhabbati🎀 15-qism 💿 Uzbek tilida 🇺🇿 Dublaj Splay 🎙️ Endi Telegram kanalda❤️‍🔥
2026-02-13T12:23:11.484855 user_message user_id=5792951787 chat_id=5792951787 chat_type=private username=humble_student1 msg_type=ContentType.VIDEO message_id=2645 text=Yakuniy qism🤍  Farishtaning muhabbati🎀 16-qism 💿 Uzbek tilida 🇺🇿 Dublaj Splay 🎙️ Endi Telegram kanalda❤️‍🔥
2026-02-13T12:23:11.578956 serial_part_added user_id=5792951787 serial_id=10 part=14
2026-02-13T12:23:21.345018 user_message user_id=5792951787 chat_id=5792951787 chat_type=private username=humble_student1 msg_type=ContentType.VIDEO message_id=2648 text=Farishtaning muhabbati🎀 15-qism 💿 Uzbek tilida 🇺🇿 Dublaj Splay 🎙️ Endi Telegram kanalda❤️‍🔥
2026-02-13T12:23:21.763136 serial_part_added user_id=5792951787 serial_id=10 part=15
2026-02-13T12:23:29.038501 user_message user_id=5792951787 chat_id=5792951787 chat_type=private username=humble_student1 msg_type=ContentType.VIDEO message_id=2651 text=Yakuniy qism🤍  Farishtaning muhabbati🎀 16-qism 💿 Uzbek tilida 🇺🇿 Dublaj Splay 🎙️ Endi Telegram kanalda❤️‍🔥
2026-02-13T12:23:29.459494 serial_part_added user_id=5792951787 serial_id=10 part=16
2026-02-13T12:23:33.657099 user_action user_id=5792951787 chat_id=5792951787 username=humble_student1 data=newpart:all:10:16 message_id=2652
2026-02-13T12:23:34.086367 broadcast_failed user_id=6543458177 user_id=6518823627 error=Telegram server says - Bad Request: chat not found
2026-02-13T12:23:34.579744 broadcast_new_part user_id=5792951787 serial_id=10 part=16 target=all ok=4 failed=1
2026-02-13T12:23:40.614253 user_action user_id=5792951787 chat_id=5792951787 username=humble_student1 data=serial:cancel message_id=2653
2026-02-13T12:23:46.943883 user_action user_id=5792951787 chat_id=5792951787 username=humble_student1 data=admin:stats message_id=2653
2026-02-13T12:23:52.473562 user_message user_id=5792951787 chat_id=5792951787 chat_type=private username=humble_student1 msg_type=ContentType.TEXT message_id=2658 text=10
2026-02-13T12:23:52.475386 serial_request user_id=5792951787 query=10
2026-02-13T12:23:55.251907 user_action user_id=5792951787 chat_id=5792951787 username=humble_student1 data=serialpart:10:14 message_id=2659
2026-02-13T12:23:55.759140 serial_part_sent user_id=5792951787 serial_id=10 part=14
2026-02-13T12:24:08.555301 user_message user_id=6499839380 chat_id=6499839380 chat_type=private username=Excel_student msg_type=ContentType.TEXT message_id=2661 text=10
2026-02-13T12:24:08.555532 serial_request user_id=6499839380 query=10
2026-02-13T12:24:11.624169 user_action user_id=6499839380 chat_id=6499839380 username=Excel_student data=serialpart:10:14 message_id=2662
2026-02-13T12:24:12.108997 serial_part_sent user_id=6499839380 serial_id=10 part=14
2026-02-13T12:33:11.342019 user_message user_id=6499839380 chat_id=6499839380 chat_type=private username=Excel_student msg_type=ContentType.TEXT message_id=2664 text=/admin
2026-02-13T12:33:23.151962 user_action user_id=6499839380 chat_id=6499839380 username=Excel_student data=admin:serials message_id=2665
2026-02-13T12:33:25.955094 user_action user_id=6499839380 chat_id=6499839380 username=Excel_student data=admin:back message_id=2665
2026-02-13T12:33:35.458445 user_action user_id=6499839380 chat_id=6499839380 username=Excel_student data=admin:addserial message_id=2665
2026-02-13T12:33:35.470811 serial_add_start user_id=6499839380
2026-02-13T12:33:50.262330 user_message user_id=6499839380 chat_id=6499839380 chat_type=private username=Excel_student msg_type=ContentType.TEXT message_id=2666 text=Sevgi chiziqlari
2026-02-13T12:33:50.276737 serial_created user_id=6499839380 serial_id=11 code=11
2026-02-13T12:34:14.255542 user_message user_id=6499839380 chat_id=6499839380 chat_type=private username=Excel_student msg_type=ContentType.VIDEO message_id=2669 text=Premyera  SEVGI CHIZIQLARI   1-Qism OʻZBEK TILIDA  OVOZLARDA: Aruxanwii, Krypzo, Sonata   Manbasiz olmang❗  #kvoice_studio  #sevgi_chiziqlari  Asosiy kanalimiz  [ @kvoice_studio ]
2026-02-13T12:34:14.258395 user_message user_id=6499839380 chat_id=6499839380 chat_type=private username=Excel_student msg_type=ContentType.VIDEO message_id=2671 text=Premyera  SEVGI CHIZIQLARI   3-Qism OʻZBEK TILIDA  OVOZLARDA: Aruxanwii, Krypzo, Sonata   4-Qism uchun Danat  80/0 9860 3566 2848 5050             M/M  Manbasiz olmang❗  #kvoice_studio  #sevgi_chiziqlari  Asosiy kanalimiz  [ @kvoice_studio ]
2026-02-13T12:34:14.260945 user_message user_id=6499839380 chat_id=6499839380 chat_type=private username=Excel_student msg_type=ContentType.VIDEO message_id=2670 text=Premyera  SEVGI CHIZIQLARI   2-Qism OʻZBEK TILIDA  OVOZLARDA: Aruxanwii, Krypzo, Sonata   Manbasiz olmang❗  #kvoice_studio  #sevgi_chiziqlari  Asosiy kanalimiz  [ @kvoice_studio ]
2026-02-13T12:34:14.467147 serial_part_added user_id=6499839380 serial_id=11 part=1
2026-02-13T12:36:30.645520 user_message user_id=6499839380 chat_id=6499839380 chat_type=private username=Excel_student msg_type=ContentType.VIDEO message_id=2675 text=Premyera  SEVGI CHIZIQLARI   3-Qism OʻZBEK TILIDA  OVOZLARDA: Aruxanwii, Krypzo, Sonata   4-Qism uchun Danat  80/0 9860 3566 2848 5050             M/M  Manbasiz olmang❗  #kvoice_studio  #sevgi_chiziqlari  Asosiy kanalimiz  [ @kvoice_studio ]
2026-02-13T12:36:30.647347 user_message user_id=6499839380 chat_id=6499839380 chat_type=private username=Excel_student msg_type=ContentType.VIDEO message_id=2674 text=Premyera  SEVGI CHIZIQLARI   2-Qism OʻZBEK TILIDA  OVOZLARDA: Aruxanwii, Krypzo, Sonata   Manbasiz olmang❗  #kvoice_studio  #sevgi_chiziqlari  Asosiy kanalimiz  [ @kvoice_studio ]
2026-02-13T12:36:31.097981 serial_part_added user_id=6499839380 serial_id=11 part=2
2026-02-13T12:36:31.783961 serial_part_added user_id=6499839380 serial_id=11 part=3
2026-02-13T12:36:52.609021 user_message user_id=6499839380 chat_id=6499839380 chat_type=private username=Excel_student msg_type=ContentType.VIDEO message_id=2681 text=Premyera  SEVGI CHIZIQLARI   5-Qism OʻZBEK TILIDA  300+ Reaksiya OVOZLARDA: Aruxanwii, Krypzo, Sonata   6-Qism uchun Danat  80/0 9860 3566 2848 5050             M/M  Manbasiz olmang❗  #kvoice_studio  #sevgi_chiziqlari  Asosiy kanalimiz  [ @kvoice_studio ]
2026-02-13T12:36:52.611170 user_message user_id=6499839380 chat_id=6499839380 chat_type=private username=Excel_student msg_type=ContentType.VIDEO message_id=2683 text=Premyera  SEVGI CHIZIQLARI   7-Qism OʻZBEK TILIDA  300+ Reaksiya OVOZLARDA: Aruxanwii, Krypzo, Sonata   8-Qism uchun Danat  60/0 9860 3566 2848 5050             M/M  Manbasiz olmang❗  #kvoice_studio  #sevgi_chiziqlari  Asosiy kanalimiz  [ @kvoice_studio ]
2026-02-13T12:36:52.611567 user_message user_id=6499839380 chat_id=6499839380 chat_type=private username=Excel_student msg_type=ContentType.VIDEO message_id=2682 text=Premyera  SEVGI CHIZIQLARI   6-Qism OʻZBEK TILIDA  300+ Reaksiya OVOZLARDA: Aruxanwii, Krypzo, Sonata   7-Qism uchun Danat  60/0 9860 3566 2848 5050             M/M  Manbasiz olmang❗  #kvoice_studio  #sevgi_chiziqlari  Asosiy kanalimiz  [ @kvoice_studio ]
2026-02-13T12:36:52.611811 user_message user_id=6499839380 chat_id=6499839380 chat_type=private username=Excel_student msg_type=ContentType.VIDEO message_id=2680 text=Premyera  SEVGI CHIZIQLARI   4-Qism OʻZBEK TILIDA  300+ Reaksiya OVOZLARDA: Aruxanwii, Krypzo, Sonata   5-Qism uchun Danat  80/0 9860 3566 2848 5050             M/M  Manbasiz olmang❗  #kvoice_studio  #sevgi_chiziqlari  Asosiy kanalimiz  [ @kvoice_studio ]
2026-02-13T12:36:52.872858 serial_part_added user_id=6499839380 serial_id=11 part=4
2026-02-13T12:36:53.402894 serial_part_added user_id=6499839380 serial_id=11 part=5
2026-02-13T12:36:53.979123 serial_part_added user_id=6499839380 serial_id=11 part=6
2026-02-13T12:36:54.590625 serial_part_added user_id=6499839380 serial_id=11 part=7
2026-02-13T12:36:59.480299 user_action user_id=6499839380 chat_id=6499839380 username=Excel_student data=serial:cancel message_id=2691
2026-02-13T12:37:02.337508 user_action user_id=6499839380 chat_id=6499839380 username=Excel_student data=admin:serials message_id=2691
2026-02-13T12:37:08.786437 user_action user_id=6499839380 chat_id=6499839380 username=Excel_student data=admin:serial:11 message_id=2691
2026-02-13T12:37:11.413395 user_action user_id=6499839380 chat_id=6499839380 username=Excel_student data=serialpart:11:7 message_id=2692
2026-02-13T12:37:11.881451 serial_part_sent user_id=6499839380 serial_id=11 part=7
2026-02-13T12:37:15.086121 user_action user_id=6499839380 chat_id=6499839380 username=Excel_student data=serialpart:11:6 message_id=2693
2026-02-13T12:37:15.530052 serial_part_sent user_id=6499839380 serial_id=11 part=6
2026-02-13T12:37:20.522736 user_action user_id=6499839380 chat_id=6499839380 username=Excel_student data=admin:back message_id=2691
2026-02-13T12:37:25.517571 user_action user_id=6499839380 chat_id=6499839380 username=Excel_student data=admin:delserial message_id=2691
2026-02-13T12:37:34.099014 user_message user_id=6499839380 chat_id=6499839380 chat_type=private username=Excel_student msg_type=ContentType.TEXT message_id=2695 text=/delserial 11
2026-02-13T12:37:41.748629 user_action user_id=6499839380 chat_id=6499839380 username=Excel_student data=serialpart:11:3 message_id=2692
2026-02-13T12:37:45.296845 user_action user_id=6499839380 chat_id=6499839380 username=Excel_student data=admin:back message_id=2691
2026-02-13T12:37:51.308102 user_action user_id=6499839380 chat_id=6499839380 username=Excel_student data=admin:addserial message_id=2691
2026-02-13T12:37:51.319224 serial_add_start user_id=6499839380
2026-02-13T12:38:03.011917 user_message user_id=6499839380 chat_id=6499839380 chat_type=private username=Excel_student msg_type=ContentType.TEXT message_id=2697 text=Sevgi chiziqlari
2026-02-13T12:38:03.025178 serial_created user_id=6499839380 serial_id=12 code=11
2026-02-13T12:38:34.684013 user_message user_id=6499839380 chat_id=6499839380 chat_type=private username=Excel_student msg_type=ContentType.VIDEO message_id=2703 text=
2026-02-13T12:38:34.687307 user_message user_id=6499839380 chat_id=6499839380 chat_type=private username=Excel_student msg_type=ContentType.VIDEO message_id=2700 text=
2026-02-13T12:38:34.688097 user_message user_id=6499839380 chat_id=6499839380 chat_type=private username=Excel_student msg_type=ContentType.VIDEO message_id=2702 text=
2026-02-13T12:38:34.688533 user_message user_id=6499839380 chat_id=6499839380 chat_type=private username=Excel_student msg_type=ContentType.VIDEO message_id=2706 text=
2026-02-13T12:38:34.688872 user_message user_id=6499839380 chat_id=6499839380 chat_type=private username=Excel_student msg_type=ContentType.VIDEO message_id=2704 text=
2026-02-13T12:38:34.689045 user_message user_id=6499839380 chat_id=6499839380 chat_type=private username=Excel_student msg_type=ContentType.VIDEO message_id=2701 text=
2026-02-13T12:38:34.689200 user_message user_id=6499839380 chat_id=6499839380 chat_type=private username=Excel_student msg_type=ContentType.VIDEO message_id=2705 text=
2026-02-13T12:38:35.096469 serial_part_added user_id=6499839380 serial_id=12 part=1
2026-02-13T12:38:35.670694 serial_part_added user_id=6499839380 serial_id=12 part=2
2026-02-13T12:38:36.279402 serial_part_added user_id=6499839380 serial_id=12 part=3
2026-02-13T12:38:36.847117 serial_part_added user_id=6499839380 serial_id=12 part=4
2026-02-13T12:38:37.457277 serial_part_added user_id=6499839380 serial_id=12 part=5
2026-02-13T12:38:41.523005 serial_part_added user_id=6499839380 serial_id=12 part=6
2026-02-13T12:38:42.032444 serial_part_added user_id=6499839380 serial_id=12 part=7
2026-02-13T12:38:45.064057 user_action user_id=6499839380 chat_id=6499839380 username=Excel_student data=serial:cancel message_id=2720
2026-02-13T12:39:10.803960 user_action user_id=6499839380 chat_id=6499839380 username=Excel_student data=admin:serials message_id=2720
2026-02-13T12:39:12.822135 user_action user_id=6499839380 chat_id=6499839380 username=Excel_student data=admin:serial:12 message_id=2720
2026-02-13T12:39:16.534287 user_action user_id=6499839380 chat_id=6499839380 username=Excel_student data=serialpart:12:7 message_id=2721
2026-02-13T12:39:16.967874 serial_part_sent user_id=6499839380 serial_id=12 part=7
2026-02-13T12:39:19.727686 user_action user_id=6499839380 chat_id=6499839380 username=Excel_student data=serialpart:12:7 message_id=2722
2026-02-13T12:39:20.446030 serial_part_sent user_id=6499839380 serial_id=12 part=7
2026-02-13T12:40:10.595746 user_action user_id=6499839380 chat_id=6499839380 username=Excel_student data=serialpart:12:7 message_id=2723
2026-02-13T12:40:11.060806 serial_part_sent user_id=6499839380 serial_id=12 part=7
2026-02-13T12:40:22.173848 user_action user_id=6499839380 chat_id=6499839380 username=Excel_student data=serialpart:12:1 message_id=2724
2026-02-13T12:40:22.634902 serial_part_sent user_id=6499839380 serial_id=12 part=1
2026-02-13T12:40:24.497879 user_action user_id=6499839380 chat_id=6499839380 username=Excel_student data=serialpart:12:2 message_id=2725
2026-02-13T12:40:25.031442 serial_part_sent user_id=6499839380 serial_id=12 part=2
2026-02-13T12:40:27.129971 user_action user_id=6499839380 chat_id=6499839380 username=Excel_student data=serialpart:12:3 message_id=2726
2026-02-13T12:40:27.586703 serial_part_sent user_id=6499839380 serial_id=12 part=3
2026-02-13T12:40:29.546478 user_action user_id=6499839380 chat_id=6499839380 username=Excel_student data=serialpart:12:4 message_id=2727
2026-02-13T12:40:30.123545 serial_part_sent user_id=6499839380 serial_id=12 part=4
2026-02-13T12:40:31.845917 user_action user_id=6499839380 chat_id=6499839380 username=Excel_student data=serialpart:12:5 message_id=2728
2026-02-13T12:40:32.343059 serial_part_sent user_id=6499839380 serial_id=12 part=5
2026-02-13T12:40:35.487402 user_action user_id=6499839380 chat_id=6499839380 username=Excel_student data=serialpart:12:6 message_id=2729
2026-02-13T12:40:36.148054 serial_part_sent user_id=6499839380 serial_id=12 part=6
2026-02-13T12:40:38.090029 user_action user_id=6499839380 chat_id=6499839380 username=Excel_student data=serialpart:12:7 message_id=2730
2026-02-13T12:40:38.611544 serial_part_sent user_id=6499839380 serial_id=12 part=7
2026-02-13T12:41:48.585702 user_action user_id=6499839380 chat_id=6499839380 username=Excel_student data=serialpart:12:1 message_id=2731
2026-02-13T12:41:49.117579 serial_part_sent user_id=6499839380 serial_id=12 part=1
2026-02-13T12:42:30.094696 user_action user_id=6499839380 chat_id=6499839380 username=Excel_student data=serialpart:12:3 message_id=2731
2026-02-13T12:42:30.520959 serial_part_sent user_id=6499839380 serial_id=12 part=3
2026-02-13T12:42:33.106156 user_action user_id=6499839380 chat_id=6499839380 username=Excel_student data=serialpart:12:4 message_id=2733
2026-02-13T12:42:33.577348 serial_part_sent user_id=6499839380 serial_id=12 part=4
2026-02-13T12:47:15.876809 user_action user_id=6499839380 chat_id=6499839380 username=Excel_student data=admin:back message_id=2720
2026-02-13T12:47:22.602125 user_action user_id=6499839380 chat_id=6499839380 username=Excel_student data=admin:delserial message_id=2720
2026-02-13T12:47:36.388427 user_message user_id=6499839380 chat_id=6499839380 chat_type=private username=Excel_student msg_type=ContentType.TEXT message_id=2735 text=/delserial 11
2026-02-13T12:47:39.955096 user_message user_id=6499839380 chat_id=6499839380 chat_type=private username=Excel_student msg_type=ContentType.TEXT message_id=2737 text=/admin
2026-02-13T12:47:42.712204 user_action user_id=6499839380 chat_id=6499839380 username=Excel_student data=admin:addserial message_id=2738
2026-02-13T12:47:42.752641 serial_add_start user_id=6499839380
2026-02-13T12:47:53.283992 user_message user_id=6499839380 chat_id=6499839380 chat_type=private username=Excel_student msg_type=ContentType.TEXT message_id=2739 text=Sevgi chiziqlari
2026-02-13T12:47:53.309865 serial_created user_id=6499839380 serial_id=13 code=11
2026-02-13T12:48:30.630401 user_message user_id=6499839380 chat_id=6499839380 chat_type=private username=Excel_student msg_type=ContentType.VIDEO message_id=2743 text=
2026-02-13T12:48:30.634378 user_message user_id=6499839380 chat_id=6499839380 chat_type=private username=Excel_student msg_type=ContentType.VIDEO message_id=2742 text=
2026-02-13T12:48:30.634906 user_message user_id=6499839380 chat_id=6499839380 chat_type=private username=Excel_student msg_type=ContentType.VIDEO message_id=2745 text=
2026-02-13T12:48:30.635533 user_message user_id=6499839380 chat_id=6499839380 chat_type=private username=Excel_student msg_type=ContentType.VIDEO message_id=2746 text=
2026-02-13T12:48:30.635878 user_message user_id=6499839380 chat_id=6499839380 chat_type=private username=Excel_student msg_type=ContentType.VIDEO message_id=2748 text=
2026-02-13T12:48:30.636177 user_message user_id=6499839380 chat_id=6499839380 chat_type=private username=Excel_student msg_type=ContentType.VIDEO message_id=2747 text=
2026-02-13T12:48:30.636434 user_message user_id=6499839380 chat_id=6499839380 chat_type=private username=Excel_student msg_type=ContentType.VIDEO message_id=2744 text=
2026-02-13T12:48:30.897577 serial_part_added user_id=6499839380 serial_id=13 part=1 message_id=2743
2026-02-13T12:48:31.585047 serial_part_added user_id=6499839380 serial_id=13 part=2 message_id=2742
2026-02-13T12:48:32.195028 serial_part_added user_id=6499839380 serial_id=13 part=3 message_id=2744
2026-02-13T12:48:32.950707 serial_part_added user_id=6499839380 serial_id=13 part=4 message_id=2745
2026-02-13T12:48:33.621975 serial_part_added user_id=6499839380 serial_id=13 part=5 message_id=2746
2026-02-13T12:48:37.310196 serial_part_added user_id=6499839380 serial_id=13 part=6 message_id=2747
2026-02-13T12:48:37.922633 serial_part_added user_id=6499839380 serial_id=13 part=7 message_id=2748
2026-02-13T12:48:41.010675 user_action user_id=6499839380 chat_id=6499839380 username=Excel_student data=serial:cancel message_id=2762
2026-02-13T12:48:43.865396 user_action user_id=6499839380 chat_id=6499839380 username=Excel_student data=admin:serials message_id=2762
2026-02-13T12:48:45.536523 user_action user_id=6499839380 chat_id=6499839380 username=Excel_student data=admin:serial:13 message_id=2762
2026-02-13T12:48:49.172438 user_action user_id=6499839380 chat_id=6499839380 username=Excel_student data=serialpart:13:4 message_id=2763
2026-02-13T12:48:49.618785 serial_part_sent user_id=6499839380 serial_id=13 part=4
2026-02-13T12:48:51.494081 user_action user_id=6499839380 chat_id=6499839380 username=Excel_student data=serialpart:13:5 message_id=2764
2026-02-13T12:48:51.964749 serial_part_sent user_id=6499839380 serial_id=13 part=5
2026-02-13T12:48:54.070834 user_action user_id=6499839380 chat_id=6499839380 username=Excel_student data=serialpart:13:1 message_id=2765
2026-02-13T12:48:54.531700 serial_part_sent user_id=6499839380 serial_id=13 part=1
2026-02-13T12:48:56.156376 user_action user_id=6499839380 chat_id=6499839380 username=Excel_student data=serialpart:13:2 message_id=2766
2026-02-13T12:48:56.730868 serial_part_sent user_id=6499839380 serial_id=13 part=2
2026-02-13T12:48:58.581105 user_action user_id=6499839380 chat_id=6499839380 username=Excel_student data=serialpart:13:3 message_id=2767
2026-02-13T12:48:59.050609 serial_part_sent user_id=6499839380 serial_id=13 part=3
2026-02-13T12:49:00.886566 user_action user_id=6499839380 chat_id=6499839380 username=Excel_student data=serialpart:13:6 message_id=2768
2026-02-13T12:49:01.498098 serial_part_sent user_id=6499839380 serial_id=13 part=6
2026-02-13T12:49:03.186339 user_action user_id=6499839380 chat_id=6499839380 username=Excel_student data=serialpart:13:7 message_id=2769
2026-02-13T12:49:03.629628 serial_part_sent user_id=6499839380 serial_id=13 part=7
2026-02-13T12:49:36.979800 user_action user_id=6499839380 chat_id=6499839380 username=Excel_student data=admin:back message_id=2762
2026-02-13T12:49:44.760277 user_action user_id=6499839380 chat_id=6499839380 username=Excel_student data=admin:addserial message_id=2762
2026-02-13T12:49:44.772277 serial_add_start user_id=6499839380
2026-02-13T12:49:55.652494 user_message user_id=6499839380 chat_id=6499839380 chat_type=private username=Excel_student msg_type=ContentType.TEXT message_id=2771 text=Otashin joziba
2026-02-13T12:49:55.664450 serial_created user_id=6499839380 serial_id=14 code=12
2026-02-13T12:50:38.090947 user_message user_id=6499839380 chat_id=6499839380 chat_type=private username=Excel_student msg_type=ContentType.VIDEO message_id=2778 text=• Otashin Joziba •  5-Qism OʻZBEK TILIDA)  Ovozlarda: Amera va Leo  Asosiy kanalimiz [ @kvoice_studio ]
2026-02-13T12:50:38.091550 user_message user_id=6499839380 chat_id=6499839380 chat_type=private username=Excel_student msg_type=ContentType.VIDEO message_id=2777 text=• Otashin Joziba •  4-Qism OʻZBEK TILIDA) (400+Reaksiya)  Ovozlarda: Amera va Leo  Asosiy kanalimiz [ @kvoice_studio ]
2026-02-13T12:50:38.091870 user_message user_id=6499839380 chat_id=6499839380 chat_type=private username=Excel_student msg_type=ContentType.VIDEO message_id=2783 text=• Otashin Joziba •  10-Qism OʻZBEK TILIDA)  Ovozlarda: Amera va Leo  Asosiy kanalimiz [ @kvoice_studio ]
2026-02-13T12:50:38.092400 user_message user_id=6499839380 chat_id=6499839380 chat_type=private username=Excel_student msg_type=ContentType.VIDEO message_id=2779 text=• Otashin Joziba •  6-Qism OʻZBEK TILIDA)  Ovozlarda: Amera va Leo  Asosiy kanalimiz [ @kvoice_studio ]
2026-02-13T12:50:38.092635 user_message user_id=6499839380 chat_id=6499839380 chat_type=private username=Excel_student msg_type=ContentType.VIDEO message_id=2781 text=• Otashin Joziba •  8-Qism OʻZBEK TILIDA)  Ovozlarda: Amera va Leo  Asosiy kanalimiz [ @kvoice_studio ]
2026-02-13T12:50:38.096099 user_message user_id=6499839380 chat_id=6499839380 chat_type=private username=Excel_student msg_type=ContentType.VIDEO message_id=2782 text=• Otashin Joziba •  9-Qism OʻZBEK TILIDA)  Ovozlarda: Amera va Leo  Asosiy kanalimiz [ @kvoice_studio ]
2026-02-13T12:50:38.096516 user_message user_id=6499839380 chat_id=6499839380 chat_type=private username=Excel_student msg_type=ContentType.VIDEO message_id=2774 text=• Otashin Joziba •  1-Qism OʻZBEK TILIDA) (400+Reaksiya)  Ovozlarda: Amera va Leo  Asosiy kanalimiz [ @kvoice_studio ]
2026-02-13T12:50:38.096738 user_message user_id=6499839380 chat_id=6499839380 chat_type=private username=Excel_student msg_type=ContentType.VIDEO message_id=2776 text=• Otashin Joziba •  3-Qism OʻZBEK TILIDA) (400+Reaksiya)  Ovozlarda: Amera va Leo  Asosiy kanalimiz [ @kvoice_studio ]
2026-02-13T12:50:38.096943 user_message user_id=6499839380 chat_id=6499839380 chat_type=private username=Excel_student msg_type=ContentType.VIDEO message_id=2780 text=• Otashin Joziba •  7-Qism OʻZBEK TILIDA)  Ovozlarda: Amera va Leo  Asosiy kanalimiz [ @kvoice_studio ]
2026-02-13T12:50:38.097454 user_message user_id=6499839380 chat_id=6499839380 chat_type=private username=Excel_student msg_type=ContentType.VIDEO message_id=2775 text=• Otashin Joziba •  2-Qism OʻZBEK TILIDA) (400+Reaksiya)  Ovozlarda: Amera va Leo  Asosiy kanalimiz [ @kvoice_studio ]
2026-02-13T12:50:38.333554 serial_part_added user_id=6499839380 serial_id=14 part=1 message_id=2777
2026-02-13T12:50:39.316496 serial_part_added user_id=6499839380 serial_id=14 part=2 message_id=2774
2026-02-13T12:50:39.968744 serial_part_added user_id=6499839380 serial_id=14 part=3 message_id=2775
2026-02-13T12:50:40.809714 serial_part_added user_id=6499839380 serial_id=14 part=4 message_id=2776
2026-02-13T12:50:41.399893 serial_part_added user_id=6499839380 serial_id=14 part=5 message_id=2778
2026-02-13T12:50:45.091266 serial_part_added user_id=6499839380 serial_id=14 part=6 message_id=2779
2026-02-13T12:50:45.844351 serial_part_added user_id=6499839380 serial_id=14 part=7 message_id=2780
2026-02-13T12:50:46.431290 serial_part_added user_id=6499839380 serial_id=14 part=8 message_id=2781
2026-02-13T12:50:46.933727 serial_part_added user_id=6499839380 serial_id=14 part=9 message_id=2782
2026-02-13T12:50:47.751923 serial_part_added user_id=6499839380 serial_id=14 part=10 message_id=2783
2026-02-13T12:50:50.596185 user_action user_id=6499839380 chat_id=6499839380 username=Excel_student data=serial:cancel message_id=2803
2026-02-13T12:50:52.946729 user_action user_id=6499839380 chat_id=6499839380 username=Excel_student data=admin:serials message_id=2803
2026-02-13T12:50:55.128610 user_action user_id=6499839380 chat_id=6499839380 username=Excel_student data=admin:serial:14 message_id=2803
2026-02-13T12:50:57.975768 user_action user_id=6499839380 chat_id=6499839380 username=Excel_student data=serialpart:14:9 message_id=2804
2026-02-13T12:50:58.418408 serial_part_sent user_id=6499839380 serial_id=14 part=9
2026-02-13T12:51:00.459581 user_action user_id=6499839380 chat_id=6499839380 username=Excel_student data=serialpart:14:3 message_id=2805
2026-02-13T12:51:00.888110 serial_part_sent user_id=6499839380 serial_id=14 part=3
2026-02-13T12:51:02.767148 user_action user_id=6499839380 chat_id=6499839380 username=Excel_student data=serialpart:14:2 message_id=2806
2026-02-13T12:51:03.250511 serial_part_sent user_id=6499839380 serial_id=14 part=2
2026-02-13T12:51:05.072292 user_action user_id=6499839380 chat_id=6499839380 username=Excel_student data=serialpart:14:1 message_id=2807
2026-02-13T12:51:05.676343 serial_part_sent user_id=6499839380 serial_id=14 part=1
2026-02-13T12:51:09.035909 user_action user_id=6499839380 chat_id=6499839380 username=Excel_student data=serialpart:14:5 message_id=2808
2026-02-13T12:51:09.568067 serial_part_sent user_id=6499839380 serial_id=14 part=5
2026-02-13T12:51:11.262154 user_action user_id=6499839380 chat_id=6499839380 username=Excel_student data=serialpart:14:6 message_id=2809
2026-02-13T12:51:11.702666 serial_part_sent user_id=6499839380 serial_id=14 part=6
2026-02-13T12:51:13.686623 user_action user_id=6499839380 chat_id=6499839380 username=Excel_student data=serialpart:14:7 message_id=2810
2026-02-13T12:51:14.313934 serial_part_sent user_id=6499839380 serial_id=14 part=7
2026-02-13T12:51:16.214510 user_action user_id=6499839380 chat_id=6499839380 username=Excel_student data=serialpart:14:8 message_id=2811
2026-02-13T12:51:16.988489 serial_part_sent user_id=6499839380 serial_id=14 part=8
2026-02-13T12:51:18.558989 user_action user_id=6499839380 chat_id=6499839380 username=Excel_student data=serialpart:14:9 message_id=2812
2026-02-13T12:51:19.012787 serial_part_sent user_id=6499839380 serial_id=14 part=9
2026-02-13T12:51:20.958241 user_action user_id=6499839380 chat_id=6499839380 username=Excel_student data=serialpart:14:10 message_id=2813
2026-02-13T12:51:21.392103 serial_part_sent user_id=6499839380 serial_id=14 part=10
2026-02-13T12:51:24.386852 user_action user_id=6499839380 chat_id=6499839380 username=Excel_student data=serialpart:14:2 message_id=2814
2026-02-13T12:51:24.868745 serial_part_sent user_id=6499839380 serial_id=14 part=2
2026-02-13T12:51:27.468759 user_action user_id=6499839380 chat_id=6499839380 username=Excel_student data=serialpart:14:1 message_id=2815
2026-02-13T12:51:27.911056 serial_part_sent user_id=6499839380 serial_id=14 part=1
2026-02-13T12:52:02.248504 user_action user_id=6499839380 chat_id=6499839380 username=Excel_student data=serialpart:14:1 message_id=2816
2026-02-13T12:52:02.727072 serial_part_sent user_id=6499839380 serial_id=14 part=1
2026-02-13T12:52:04.575389 user_action user_id=6499839380 chat_id=6499839380 username=Excel_student data=serialpart:14:2 message_id=2817
2026-02-13T12:52:05.027821 serial_part_sent user_id=6499839380 serial_id=14 part=2
2026-02-13T12:52:06.810738 user_action user_id=6499839380 chat_id=6499839380 username=Excel_student data=serialpart:14:3 message_id=2818
2026-02-13T12:52:07.457220 serial_part_sent user_id=6499839380 serial_id=14 part=3
2026-02-13T12:52:09.145218 user_action user_id=6499839380 chat_id=6499839380 username=Excel_student data=serialpart:14:4 message_id=2819
2026-02-13T12:52:09.654040 serial_part_sent user_id=6499839380 serial_id=14 part=4
2026-02-13T12:52:11.735363 user_action user_id=6499839380 chat_id=6499839380 username=Excel_student data=serialpart:14:5 message_id=2820
2026-02-13T12:52:12.154707 serial_part_sent user_id=6499839380 serial_id=14 part=5
2026-02-13T12:54:38.036545 user_message user_id=6499839380 chat_id=6499839380 chat_type=private username=Excel_student msg_type=ContentType.TEXT message_id=2822 text=/delserial 12
2026-02-13T12:54:41.422447 user_message user_id=6499839380 chat_id=6499839380 chat_type=private username=Excel_student msg_type=ContentType.TEXT message_id=2824 text=/admin
2026-02-13T12:54:44.080703 user_action user_id=6499839380 chat_id=6499839380 username=Excel_student data=admin:addserial message_id=2825
2026-02-13T12:54:44.092030 serial_add_start user_id=6499839380
2026-02-13T12:54:52.419946 user_message user_id=6499839380 chat_id=6499839380 chat_type=private username=Excel_student msg_type=ContentType.TEXT message_id=2826 text=Otashin joziba
2026-02-13T12:54:52.446201 serial_created user_id=6499839380 serial_id=15 code=12
2026-02-13T12:55:27.213369 user_message user_id=6499839380 chat_id=6499839380 chat_type=private username=Excel_student msg_type=ContentType.VIDEO message_id=2829 text=• Otashin Joziba •  1-Qism OʻZBEK TILIDA) (400+Reaksiya)  Ovozlarda: Amera va Leo  Asosiy kanalimiz [ @kvoice_studio ]
2026-02-13T12:55:27.218015 user_message user_id=6499839380 chat_id=6499839380 chat_type=private username=Excel_student msg_type=ContentType.VIDEO message_id=2837 text=• Otashin Joziba •  9-Qism OʻZBEK TILIDA)  Ovozlarda: Amera va Leo  Asosiy kanalimiz [ @kvoice_studio ]
2026-02-13T12:55:27.218847 user_message user_id=6499839380 chat_id=6499839380 chat_type=private username=Excel_student msg_type=ContentType.VIDEO message_id=2832 text=• Otashin Joziba •  4-Qism OʻZBEK TILIDA) (400+Reaksiya)  Ovozlarda: Amera va Leo  Asosiy kanalimiz [ @kvoice_studio ]
2026-02-13T12:55:27.219540 user_message user_id=6499839380 chat_id=6499839380 chat_type=private username=Excel_student msg_type=ContentType.VIDEO message_id=2831 text=• Otashin Joziba •  3-Qism OʻZBEK TILIDA) (400+Reaksiya)  Ovozlarda: Amera va Leo  Asosiy kanalimiz [ @kvoice_studio ]
2026-02-13T12:55:27.220285 user_message user_id=6499839380 chat_id=6499839380 chat_type=private username=Excel_student msg_type=ContentType.VIDEO message_id=2839 text=• Otashin Joziba •  11-Qism OʻZBEK TILIDA)  Ovozlarda: Amera va Leo  Asosiy kanalimiz [ @kvoice_studio ]
2026-02-13T12:55:27.220981 user_message user_id=6499839380 chat_id=6499839380 chat_type=private username=Excel_student msg_type=ContentType.VIDEO message_id=2838 text=• Otashin Joziba •  10-Qism OʻZBEK TILIDA)  Ovozlarda: Amera va Leo  Asosiy kanalimiz [ @kvoice_studio ]
2026-02-13T12:55:27.221622 user_message user_id=6499839380 chat_id=6499839380 chat_type=private username=Excel_student msg_type=ContentType.VIDEO message_id=2830 text=• Otashin Joziba •  2-Qism OʻZBEK TILIDA) (400+Reaksiya)  Ovozlarda: Amera va Leo  Asosiy kanalimiz [ @kvoice_studio ]
2026-02-13T12:55:27.222708 user_message user_id=6499839380 chat_id=6499839380 chat_type=private username=Excel_student msg_type=ContentType.VIDEO message_id=2833 text=• Otashin Joziba •  5-Qism OʻZBEK TILIDA)  Ovozlarda: Amera va Leo  Asosiy kanalimiz [ @kvoice_studio ]
2026-02-13T12:55:27.224036 user_message user_id=6499839380 chat_id=6499839380 chat_type=private username=Excel_student msg_type=ContentType.VIDEO message_id=2835 text=• Otashin Joziba •  7-Qism OʻZBEK TILIDA)  Ovozlarda: Amera va Leo  Asosiy kanalimiz [ @kvoice_studio ]
2026-02-13T12:55:27.225682 user_message user_id=6499839380 chat_id=6499839380 chat_type=private username=Excel_student msg_type=ContentType.VIDEO message_id=2836 text=• Otashin Joziba •  8-Qism OʻZBEK TILIDA)  Ovozlarda: Amera va Leo  Asosiy kanalimiz [ @kvoice_studio ]
2026-02-13T12:55:27.226790 user_message user_id=6499839380 chat_id=6499839380 chat_type=private username=Excel_student msg_type=ContentType.VIDEO message_id=2834 text=• Otashin Joziba •  6-Qism OʻZBEK TILIDA)  Ovozlarda: Amera va Leo  Asosiy kanalimiz [ @kvoice_studio ]
2026-02-13T12:55:27.469325 serial_part_added user_id=6499839380 serial_id=15 part=1 message_id=2829
2026-02-13T12:55:28.121422 serial_part_added user_id=6499839380 serial_id=15 part=2 message_id=2830
2026-02-13T12:55:28.887636 serial_part_added user_id=6499839380 serial_id=15 part=3 message_id=2831
2026-02-13T12:55:29.507844 serial_part_added user_id=6499839380 serial_id=15 part=4 message_id=2832
2026-02-13T12:55:30.344312 serial_part_added user_id=6499839380 serial_id=15 part=5 message_id=2833
2026-02-13T12:55:34.069343 serial_part_added user_id=6499839380 serial_id=15 part=6 message_id=2834
2026-02-13T12:55:34.737264 serial_part_added user_id=6499839380 serial_id=15 part=7 message_id=2835
2026-02-13T12:55:35.288152 serial_part_added user_id=6499839380 serial_id=15 part=8 message_id=2836
2026-02-13T12:55:35.855931 serial_part_added user_id=6499839380 serial_id=15 part=9 message_id=2837
2026-02-13T12:55:36.500135 serial_part_added user_id=6499839380 serial_id=15 part=10 message_id=2838
2026-02-13T12:55:40.215154 serial_part_added user_id=6499839380 serial_id=15 part=11 message_id=2839
2026-02-13T12:55:44.904009 user_action user_id=6499839380 chat_id=6499839380 username=Excel_student data=serial:cancel message_id=2861
2026-02-13T12:55:48.082973 user_action user_id=6499839380 chat_id=6499839380 username=Excel_student data=admin:serials message_id=2861
2026-02-13T12:55:50.046967 user_action user_id=6499839380 chat_id=6499839380 username=Excel_student data=admin:serial:15 message_id=2861
2026-02-13T12:55:52.803085 user_action user_id=6499839380 chat_id=6499839380 username=Excel_student data=serialpart:15:2 message_id=2862
2026-02-13T12:55:53.348864 serial_part_sent user_id=6499839380 serial_id=15 part=2
2026-02-13T12:55:54.974403 user_action user_id=6499839380 chat_id=6499839380 username=Excel_student data=serialpart:15:4 message_id=2863
2026-02-13T12:55:55.767039 serial_part_sent user_id=6499839380 serial_id=15 part=4
2026-02-13T12:55:57.376948 user_action user_id=6499839380 chat_id=6499839380 username=Excel_student data=serialpart:15:10 message_id=2864
2026-02-13T12:55:57.844178 serial_part_sent user_id=6499839380 serial_id=15 part=10
2026-02-13T12:55:59.753528 user_action user_id=6499839380 chat_id=6499839380 username=Excel_student data=serialpart:15:3 message_id=2865
2026-02-13T12:56:00.188544 serial_part_sent user_id=6499839380 serial_id=15 part=3
2026-02-13T12:56:01.708167 user_action user_id=6499839380 chat_id=6499839380 username=Excel_student data=serialpart:15:4 message_id=2866
2026-02-13T12:56:02.350709 serial_part_sent user_id=6499839380 serial_id=15 part=4
2026-02-13T12:56:03.827403 user_action user_id=6499839380 chat_id=6499839380 username=Excel_student data=serialpart:15:5 message_id=2867
2026-02-13T12:56:04.298550 serial_part_sent user_id=6499839380 serial_id=15 part=5
2026-02-13T12:56:06.155996 user_action user_id=6499839380 chat_id=6499839380 username=Excel_student data=serialpart:15:6 message_id=2868
2026-02-13T12:56:06.670167 serial_part_sent user_id=6499839380 serial_id=15 part=6
2026-02-13T12:56:08.297702 user_action user_id=6499839380 chat_id=6499839380 username=Excel_student data=serialpart:15:7 message_id=2869
2026-02-13T12:56:08.818307 serial_part_sent user_id=6499839380 serial_id=15 part=7
2026-02-13T12:56:10.426923 user_action user_id=6499839380 chat_id=6499839380 username=Excel_student data=serialpart:15:8 message_id=2870
2026-02-13T12:56:11.011180 serial_part_sent user_id=6499839380 serial_id=15 part=8
2026-02-13T12:56:12.908655 user_action user_id=6499839380 chat_id=6499839380 username=Excel_student data=serialpart:15:9 message_id=2871
2026-02-13T12:56:13.388581 serial_part_sent user_id=6499839380 serial_id=15 part=9
2026-02-13T12:56:15.092121 user_action user_id=6499839380 chat_id=6499839380 username=Excel_student data=serialpart:15:10 message_id=2872
2026-02-13T12:56:15.697294 serial_part_sent user_id=6499839380 serial_id=15 part=10
2026-02-13T12:56:17.480295 user_action user_id=6499839380 chat_id=6499839380 username=Excel_student data=serialpart:15:11 message_id=2873
2026-02-13T12:56:18.001196 serial_part_sent user_id=6499839380 serial_id=15 part=11
2026-02-13T12:56:31.914114 user_message user_id=6499839380 chat_id=6499839380 chat_type=private username=Excel_student msg_type=ContentType.TEXT message_id=2875 text=/addpart 12
2026-02-13T12:56:32.127416 serial_addpart_start user_id=6499839380 serial_id=15 next_part=12
2026-02-13T12:56:55.881647 user_message user_id=6499839380 chat_id=6499839380 chat_type=private username=Excel_student msg_type=ContentType.VIDEO message_id=2879 text=• Otashin Joziba •  14-Qism OʻZBEK TILIDA)  Ovozlarda: Amera va Leo  Asosiy kanalimiz [ @kvoice_studio ]
2026-02-13T12:56:55.883040 user_message user_id=6499839380 chat_id=6499839380 chat_type=private username=Excel_student msg_type=ContentType.VIDEO message_id=2883 text=• Otashin Joziba •  18-Qism OʻZBEK TILIDA) (aktivlik 300+)  Ovozlarda: Amera va Leo  Asosiy kanalimiz [ @kvoice_studio ]
2026-02-13T12:56:55.887834 user_message user_id=6499839380 chat_id=6499839380 chat_type=private username=Excel_student msg_type=ContentType.VIDEO message_id=2884 text=• Otashin Joziba •  19-Qism OʻZBEK TILIDA) (aktivlik 300+)  Ovozlarda: Amera va Leo  Asosiy kanalimiz [ @kvoice_studio ]
2026-02-13T12:56:55.888935 user_message user_id=6499839380 chat_id=6499839380 chat_type=private username=Excel_student msg_type=ContentType.VIDEO message_id=2882 text=• Otashin Joziba •  17-Qism OʻZBEK TILIDA) 400+ reaksiya  Ovozlarda: Amera va Leo  Asosiy kanalimiz [ @kvoice_studio ]  Avvalgi qismlar https://t.me/KvoiceStudio_arxiv
2026-02-13T12:56:55.889748 user_message user_id=6499839380 chat_id=6499839380 chat_type=private username=Excel_student msg_type=ContentType.VIDEO message_id=2881 text=• Otashin Joziba •  16-Qism OʻZBEK TILIDA)  Ovozlarda: Amera va Leo  Asosiy kanalimiz [ @kvoice_studio ]
2026-02-13T12:56:55.890886 user_message user_id=6499839380 chat_id=6499839380 chat_type=private username=Excel_student msg_type=ContentType.VIDEO message_id=2878 text=• Otashin Joziba •  13-Qism OʻZBEK TILIDA)  Ovozlarda: Amera va Leo  Asosiy kanalimiz [ @kvoice_studio ]
2026-02-13T12:56:55.892017 user_message user_id=6499839380 chat_id=6499839380 chat_type=private username=Excel_student msg_type=ContentType.VIDEO message_id=2877 text=• Otashin Joziba •  12-Qism OʻZBEK TILIDA)  Ovozlarda: Amera va Leo  Asosiy kanalimiz [ @kvoice_studio ]
2026-02-13T12:56:55.893034 user_message user_id=6499839380 chat_id=6499839380 chat_type=private username=Excel_student msg_type=ContentType.VIDEO message_id=2880 text=• Otashin Joziba •  15-Qism OʻZBEK TILIDA)  Ovozlarda: Amera va Leo  Asosiy kanalimiz [ @kvoice_studio ]
2026-02-13T12:56:56.166018 serial_part_added user_id=6499839380 serial_id=15 part=12 message_id=2879
2026-02-13T12:56:56.747815 serial_part_added user_id=6499839380 serial_id=15 part=13 message_id=2877
2026-02-13T12:56:57.363035 serial_part_added user_id=6499839380 serial_id=15 part=14 message_id=2878
2026-02-13T12:56:57.954034 serial_part_added user_id=6499839380 serial_id=15 part=15 message_id=2880
2026-02-13T12:56:58.549044 serial_part_added user_id=6499839380 serial_id=15 part=16 message_id=2881
2026-02-13T12:57:02.169810 serial_part_added user_id=6499839380 serial_id=15 part=17 message_id=2882
2026-02-13T12:57:02.751101 serial_part_added user_id=6499839380 serial_id=15 part=18 message_id=2883
2026-02-13T12:57:03.260184 serial_part_added user_id=6499839380 serial_id=15 part=19 message_id=2884
2026-02-13T12:57:06.581375 user_action user_id=6499839380 chat_id=6499839380 username=Excel_student data=serial:cancel message_id=2900
2026-02-13T12:57:09.035477 user_action user_id=6499839380 chat_id=6499839380 username=Excel_student data=admin:serials message_id=2900
2026-02-13T12:57:11.008481 user_action user_id=6499839380 chat_id=6499839380 username=Excel_student data=admin:serial:15 message_id=2900
2026-02-13T12:57:13.341401 user_action user_id=6499839380 chat_id=6499839380 username=Excel_student data=serialpart:15:19 message_id=2901
2026-02-13T12:57:14.076092 serial_part_sent user_id=6499839380 serial_id=15 part=19
2026-02-13T12:57:17.487368 user_action user_id=6499839380 chat_id=6499839380 username=Excel_student data=serialpart:15:13 message_id=2902
2026-02-13T12:57:18.010431 serial_part_sent user_id=6499839380 serial_id=15 part=13
2026-02-13T12:57:21.334513 user_action user_id=6499839380 chat_id=6499839380 username=Excel_student data=serialpart:15:13 message_id=2903
2026-02-13T12:57:21.937584 serial_part_sent user_id=6499839380 serial_id=15 part=13
2026-02-13T12:57:24.018837 user_action user_id=6499839380 chat_id=6499839380 username=Excel_student data=serialpart:15:12 message_id=2904
2026-02-13T12:57:24.459686 serial_part_sent user_id=6499839380 serial_id=15 part=12
2026-02-13T12:57:26.384139 user_action user_id=6499839380 chat_id=6499839380 username=Excel_student data=serialpart:15:14 message_id=2905
2026-02-13T12:57:26.894586 serial_part_sent user_id=6499839380 serial_id=15 part=14
2026-02-13T12:57:29.837392 user_action user_id=6499839380 chat_id=6499839380 username=Excel_student data=serialpart:15:15 message_id=2906
2026-02-13T12:57:30.308538 serial_part_sent user_id=6499839380 serial_id=15 part=15
2026-02-13T12:57:32.421375 user_action user_id=6499839380 chat_id=6499839380 username=Excel_student data=serialpart:15:16 message_id=2907
2026-02-13T12:57:32.930671 serial_part_sent user_id=6499839380 serial_id=15 part=16
2026-02-13T12:57:34.549894 user_action user_id=6499839380 chat_id=6499839380 username=Excel_student data=serialpart:15:17 message_id=2908
2026-02-13T12:57:35.037245 serial_part_sent user_id=6499839380 serial_id=15 part=17
2026-02-13T12:57:36.904857 user_action user_id=6499839380 chat_id=6499839380 username=Excel_student data=serialpart:15:18 message_id=2909
2026-02-13T12:57:37.374875 serial_part_sent user_id=6499839380 serial_id=15 part=18
2026-02-13T12:57:38.878729 user_action user_id=6499839380 chat_id=6499839380 username=Excel_student data=serialpart:15:19 message_id=2910
2026-02-13T12:57:39.306239 serial_part_sent user_id=6499839380 serial_id=15 part=19
2026-02-13T12:57:41.332078 user_action user_id=6499839380 chat_id=6499839380 username=Excel_student data=serialpart:15:12 message_id=2911
2026-02-13T12:57:41.797314 serial_part_sent user_id=6499839380 serial_id=15 part=12
2026-02-13T12:58:13.608057 user_message user_id=6499839380 chat_id=6499839380 chat_type=private username=Excel_student msg_type=ContentType.TEXT message_id=2914 text=/admin
2026-02-13T12:58:16.037370 user_action user_id=6499839380 chat_id=6499839380 username=Excel_student data=admin:addserial message_id=2915
2026-02-13T12:58:16.057183 serial_add_start user_id=6499839380
2026-02-13T12:58:22.392430 user_message user_id=6499839380 chat_id=6499839380 chat_type=private username=Excel_student msg_type=ContentType.TEXT message_id=2916 text=Imkonsiz nikoh
2026-02-13T12:58:22.424180 serial_created user_id=6499839380 serial_id=16 code=13
2026-02-13T12:58:59.848234 user_message user_id=6499839380 chat_id=6499839380 chat_type=private username=Excel_student msg_type=ContentType.VIDEO message_id=2921 text=
2026-02-13T12:58:59.849568 user_message user_id=6499839380 chat_id=6499839380 chat_type=private username=Excel_student msg_type=ContentType.VIDEO message_id=2919 text=
2026-02-13T12:58:59.850852 user_message user_id=6499839380 chat_id=6499839380 chat_type=private username=Excel_student msg_type=ContentType.VIDEO message_id=2925 text=
2026-02-13T12:58:59.854945 user_message user_id=6499839380 chat_id=6499839380 chat_type=private username=Excel_student msg_type=ContentType.VIDEO message_id=2924 text=
2026-02-13T12:58:59.856101 user_message user_id=6499839380 chat_id=6499839380 chat_type=private username=Excel_student msg_type=ContentType.VIDEO message_id=2926 text=
2026-02-13T12:58:59.857263 user_message user_id=6499839380 chat_id=6499839380 chat_type=private username=Excel_student msg_type=ContentType.VIDEO message_id=2923 text=
2026-02-13T12:58:59.858234 user_message user_id=6499839380 chat_id=6499839380 chat_type=private username=Excel_student msg_type=ContentType.VIDEO message_id=2929 text=
2026-02-13T12:58:59.859356 user_message user_id=6499839380 chat_id=6499839380 chat_type=private username=Excel_student msg_type=ContentType.VIDEO message_id=2927 text=
2026-02-13T12:58:59.860794 user_message user_id=6499839380 chat_id=6499839380 chat_type=private username=Excel_student msg_type=ContentType.VIDEO message_id=2928 text=
2026-02-13T12:58:59.862829 user_message user_id=6499839380 chat_id=6499839380 chat_type=private username=Excel_student msg_type=ContentType.VIDEO message_id=2920 text=
2026-02-13T12:58:59.864250 user_message user_id=6499839380 chat_id=6499839380 chat_type=private username=Excel_student msg_type=ContentType.VIDEO message_id=2922 text=
2026-02-13T12:59:00.103417 serial_part_added user_id=6499839380 serial_id=16 part=1 message_id=2919
2026-02-13T12:59:00.787826 serial_part_added user_id=6499839380 serial_id=16 part=2 message_id=2920
2026-02-13T12:59:01.493240 serial_part_added user_id=6499839380 serial_id=16 part=3 message_id=2921
2026-02-13T12:59:02.233413 serial_part_added user_id=6499839380 serial_id=16 part=4 message_id=2922
2026-02-13T12:59:02.951828 serial_part_added user_id=6499839380 serial_id=16 part=5 message_id=2923
2026-02-13T12:59:06.628831 serial_part_added user_id=6499839380 serial_id=16 part=6 message_id=2924
2026-02-13T12:59:07.235826 serial_part_added user_id=6499839380 serial_id=16 part=7 message_id=2925
2026-02-13T12:59:07.829864 serial_part_added user_id=6499839380 serial_id=16 part=8 message_id=2926
2026-02-13T12:59:08.482426 serial_part_added user_id=6499839380 serial_id=16 part=9 message_id=2927
2026-02-13T12:59:09.635701 serial_part_added user_id=6499839380 serial_id=16 part=10 message_id=2928
2026-02-13T12:59:13.269200 serial_part_added user_id=6499839380 serial_id=16 part=11 message_id=2929
2026-02-13T12:59:16.508985 user_action user_id=6499839380 chat_id=6499839380 username=Excel_student data=serial:cancel message_id=2951
2026-02-13T12:59:19.128874 user_action user_id=6499839380 chat_id=6499839380 username=Excel_student data=admin:serials message_id=2951
2026-02-13T12:59:20.978628 user_action user_id=6499839380 chat_id=6499839380 username=Excel_student data=admin:serial:16 message_id=2951
2026-02-13T12:59:23.868933 user_action user_id=6499839380 chat_id=6499839380 username=Excel_student data=serialpart:16:9 message_id=2952
2026-02-13T12:59:24.955133 serial_part_sent user_id=6499839380 serial_id=16 part=9
2026-02-13T12:59:26.499043 user_action user_id=6499839380 chat_id=6499839380 username=Excel_student data=serialpart:16:10 message_id=2953
2026-02-13T12:59:26.932684 serial_part_sent user_id=6499839380 serial_id=16 part=10
2026-02-13T12:59:29.376023 user_action user_id=6499839380 chat_id=6499839380 username=Excel_student data=serialpart:16:11 message_id=2954
2026-02-13T12:59:29.901729 serial_part_sent user_id=6499839380 serial_id=16 part=11
2026-02-13T12:59:31.647705 user_action user_id=6499839380 chat_id=6499839380 username=Excel_student data=serialpart:16:2 message_id=2955
2026-02-13T12:59:32.104708 serial_part_sent user_id=6499839380 serial_id=16 part=2
2026-02-13T12:59:33.765437 user_action user_id=6499839380 chat_id=6499839380 username=Excel_student data=serialpart:16:4 message_id=2956
2026-02-13T12:59:34.242234 serial_part_sent user_id=6499839380 serial_id=16 part=4
2026-02-13T12:59:37.980139 user_action user_id=6499839380 chat_id=6499839380 username=Excel_student data=serialpart:16:5 message_id=2957
2026-02-13T12:59:38.394080 serial_part_sent user_id=6499839380 serial_id=16 part=5
2026-02-13T12:59:40.217722 user_action user_id=6499839380 chat_id=6499839380 username=Excel_student data=serialpart:16:6 message_id=2958
2026-02-13T12:59:40.695254 serial_part_sent user_id=6499839380 serial_id=16 part=6
2026-02-13T12:59:42.296918 user_action user_id=6499839380 chat_id=6499839380 username=Excel_student data=serialpart:16:7 message_id=2959
2026-02-13T12:59:42.835629 serial_part_sent user_id=6499839380 serial_id=16 part=7
2026-02-13T12:59:44.239658 user_action user_id=6499839380 chat_id=6499839380 username=Excel_student data=serialpart:16:8 message_id=2960
2026-02-13T12:59:44.792970 serial_part_sent user_id=6499839380 serial_id=16 part=8
2026-02-13T12:59:47.267285 user_action user_id=6499839380 chat_id=6499839380 username=Excel_student data=serialpart:16:9 message_id=2961
2026-02-13T12:59:48.304336 serial_part_sent user_id=6499839380 serial_id=16 part=9
2026-02-13T12:59:58.622291 user_message user_id=6499839380 chat_id=6499839380 chat_type=private username=Excel_student msg_type=ContentType.TEXT message_id=2963 text=/admin
2026-02-13T13:00:02.854787 user_action user_id=6499839380 chat_id=6499839380 username=Excel_student data=admin:addserial message_id=2964
2026-02-13T13:00:02.859534 serial_add_start user_id=6499839380
2026-02-13T13:00:13.635714 user_message user_id=6499839380 chat_id=6499839380 chat_type=private username=Excel_student msg_type=ContentType.TEXT message_id=2965 text=Tezlik va sevgi
2026-02-13T13:00:13.658419 serial_created user_id=6499839380 serial_id=17 code=14
2026-02-13T13:01:14.161385 user_message user_id=6499839380 chat_id=6499839380 chat_type=private username=Excel_student msg_type=ContentType.VIDEO message_id=2968 text=
2026-02-13T13:01:14.162861 user_message user_id=6499839380 chat_id=6499839380 chat_type=private username=Excel_student msg_type=ContentType.VIDEO message_id=2975 text=
2026-02-13T13:01:14.163939 user_message user_id=6499839380 chat_id=6499839380 chat_type=private username=Excel_student msg_type=ContentType.VIDEO message_id=2983 text=
2026-02-13T13:01:14.164961 user_message user_id=6499839380 chat_id=6499839380 chat_type=private username=Excel_student msg_type=ContentType.VIDEO message_id=2985 text=
2026-02-13T13:01:14.165997 user_message user_id=6499839380 chat_id=6499839380 chat_type=private username=Excel_student msg_type=ContentType.VIDEO message_id=2986 text=
2026-02-13T13:01:14.166947 user_message user_id=6499839380 chat_id=6499839380 chat_type=private username=Excel_student msg_type=ContentType.VIDEO message_id=2987 text=
2026-02-13T13:01:14.168632 user_message user_id=6499839380 chat_id=6499839380 chat_type=private username=Excel_student msg_type=ContentType.VIDEO message_id=2988 text=
2026-02-13T13:01:14.170059 user_message user_id=6499839380 chat_id=6499839380 chat_type=private username=Excel_student msg_type=ContentType.VIDEO message_id=2989 text=
2026-02-13T13:01:14.170954 user_message user_id=6499839380 chat_id=6499839380 chat_type=private username=Excel_student msg_type=ContentType.VIDEO message_id=2981 text=
2026-02-13T13:01:14.172118 user_message user_id=6499839380 chat_id=6499839380 chat_type=private username=Excel_student msg_type=ContentType.VIDEO message_id=2980 text=
2026-02-13T13:01:14.172808 user_message user_id=6499839380 chat_id=6499839380 chat_type=private username=Excel_student msg_type=ContentType.VIDEO message_id=2990 text=
2026-02-13T13:01:14.173762 user_message user_id=6499839380 chat_id=6499839380 chat_type=private username=Excel_student msg_type=ContentType.VIDEO message_id=2991 text=
2026-02-13T13:01:14.175199 user_message user_id=6499839380 chat_id=6499839380 chat_type=private username=Excel_student msg_type=ContentType.VIDEO message_id=2982 text=
2026-02-13T13:01:14.176139 user_message user_id=6499839380 chat_id=6499839380 chat_type=private username=Excel_student msg_type=ContentType.VIDEO message_id=2976 text=
2026-02-13T13:01:14.176802 user_message user_id=6499839380 chat_id=6499839380 chat_type=private username=Excel_student msg_type=ContentType.VIDEO message_id=2978 text=
2026-02-13T13:01:14.177486 user_message user_id=6499839380 chat_id=6499839380 chat_type=private username=Excel_student msg_type=ContentType.VIDEO message_id=2977 text=
2026-02-13T13:01:14.178180 user_message user_id=6499839380 chat_id=6499839380 chat_type=private username=Excel_student msg_type=ContentType.VIDEO message_id=2971 text=
2026-02-13T13:01:14.179145 user_message user_id=6499839380 chat_id=6499839380 chat_type=private username=Excel_student msg_type=ContentType.VIDEO message_id=2974 text=
2026-02-13T13:01:14.180600 user_message user_id=6499839380 chat_id=6499839380 chat_type=private username=Excel_student msg_type=ContentType.VIDEO message_id=2973 text=
2026-02-13T13:01:14.184203 user_message user_id=6499839380 chat_id=6499839380 chat_type=private username=Excel_student msg_type=ContentType.VIDEO message_id=2969 text=
2026-02-13T13:01:14.185664 user_message user_id=6499839380 chat_id=6499839380 chat_type=private username=Excel_student msg_type=ContentType.VIDEO message_id=2992 text=
2026-02-13T13:01:14.187113 user_message user_id=6499839380 chat_id=6499839380 chat_type=private username=Excel_student msg_type=ContentType.VIDEO message_id=2970 text=
2026-02-13T13:01:14.188188 user_message user_id=6499839380 chat_id=6499839380 chat_type=private username=Excel_student msg_type=ContentType.VIDEO message_id=2995 text=
2026-02-13T13:01:14.190139 user_message user_id=6499839380 chat_id=6499839380 chat_type=private username=Excel_student msg_type=ContentType.VIDEO message_id=2984 text=
2026-02-13T13:01:14.191217 user_message user_id=6499839380 chat_id=6499839380 chat_type=private username=Excel_student msg_type=ContentType.VIDEO message_id=2979 text=
2026-02-13T13:01:14.192351 user_message user_id=6499839380 chat_id=6499839380 chat_type=private username=Excel_student msg_type=ContentType.VIDEO message_id=2994 text=
2026-02-13T13:01:14.193482 user_message user_id=6499839380 chat_id=6499839380 chat_type=private username=Excel_student msg_type=ContentType.VIDEO message_id=2993 text=
2026-02-13T13:01:14.195000 user_message user_id=6499839380 chat_id=6499839380 chat_type=private username=Excel_student msg_type=ContentType.VIDEO message_id=2972 text=
2026-02-13T13:01:14.196812 user_message user_id=6499839380 chat_id=6499839380 chat_type=private username=Excel_student msg_type=ContentType.VIDEO message_id=2996 text=
2026-02-13T13:01:14.427368 serial_part_added user_id=6499839380 serial_id=17 part=1 message_id=2968
2026-02-13T13:01:15.089170 serial_part_added user_id=6499839380 serial_id=17 part=2 message_id=2969
2026-02-13T13:01:15.692131 serial_part_added user_id=6499839380 serial_id=17 part=3 message_id=2970
2026-02-13T13:01:16.611387 serial_part_added user_id=6499839380 serial_id=17 part=4 message_id=2971
2026-02-13T13:01:17.207524 serial_part_added user_id=6499839380 serial_id=17 part=5 message_id=2972
2026-02-13T13:01:20.809631 serial_part_added user_id=6499839380 serial_id=17 part=6 message_id=2973
2026-02-13T13:01:21.431119 serial_part_added user_id=6499839380 serial_id=17 part=7 message_id=2974
2026-02-13T13:01:22.105162 serial_part_added user_id=6499839380 serial_id=17 part=8 message_id=2975
2026-02-13T13:01:22.927260 serial_part_added user_id=6499839380 serial_id=17 part=9 message_id=2976
2026-02-13T13:01:23.641011 serial_part_added user_id=6499839380 serial_id=17 part=10 message_id=2977
2026-02-13T13:01:27.334601 serial_part_added user_id=6499839380 serial_id=17 part=11 message_id=2978
2026-02-13T13:01:27.923264 serial_part_added user_id=6499839380 serial_id=17 part=12 message_id=2979
2026-02-13T13:01:28.617544 serial_part_added user_id=6499839380 serial_id=17 part=13 message_id=2980
2026-02-13T13:01:29.235619 serial_part_added user_id=6499839380 serial_id=17 part=14 message_id=2981
2026-02-13T13:01:29.948760 serial_part_added user_id=6499839380 serial_id=17 part=15 message_id=2982
2026-02-13T13:01:33.815256 serial_part_added user_id=6499839380 serial_id=17 part=16 message_id=2983
2026-02-13T13:01:34.552805 serial_part_added user_id=6499839380 serial_id=17 part=17 message_id=2984
2026-02-13T13:01:35.158004 serial_part_added user_id=6499839380 serial_id=17 part=18 message_id=2985
2026-02-13T13:01:35.937215 serial_part_added user_id=6499839380 serial_id=17 part=19 message_id=2986
2026-02-13T13:01:36.504948 serial_part_added user_id=6499839380 serial_id=17 part=20 message_id=2987
2026-02-13T13:02:15.723904 serial_part_added user_id=6499839380 serial_id=17 part=21 message_id=2988
2026-02-13T13:02:16.395194 serial_part_added user_id=6499839380 serial_id=17 part=22 message_id=2989
2026-02-13T13:02:17.217413 serial_part_added user_id=6499839380 serial_id=17 part=23 message_id=2990
2026-02-13T13:02:17.904331 serial_part_added user_id=6499839380 serial_id=17 part=24 message_id=2991
2026-02-13T13:02:18.611650 serial_part_added user_id=6499839380 serial_id=17 part=25 message_id=2992
2026-02-13T13:02:22.406678 serial_part_added user_id=6499839380 serial_id=17 part=26 message_id=2993
2026-02-13T13:02:23.349839 serial_part_added user_id=6499839380 serial_id=17 part=27 message_id=2994
2026-02-13T13:02:24.097921 serial_part_added user_id=6499839380 serial_id=17 part=28 message_id=2995
2026-02-13T13:02:24.729923 serial_part_added user_id=6499839380 serial_id=17 part=29 message_id=2996
2026-02-13T13:02:32.453981 user_action user_id=6499839380 chat_id=6499839380 username=Excel_student data=serial:cancel message_id=3054
2026-02-13T13:02:34.883687 user_action user_id=6499839380 chat_id=6499839380 username=Excel_student data=admin:serials message_id=3054
2026-02-13T13:02:37.120366 user_action user_id=6499839380 chat_id=6499839380 username=Excel_student data=admin:serial:17 message_id=3054
2026-02-13T13:02:40.576084 user_action user_id=6499839380 chat_id=6499839380 username=Excel_student data=serialpart:17:9 message_id=3055
2026-02-13T13:02:41.146980 serial_part_sent user_id=6499839380 serial_id=17 part=9
2026-02-13T13:02:43.147024 user_action user_id=6499839380 chat_id=6499839380 username=Excel_student data=serialpart:17:15 message_id=3056
2026-02-13T13:02:43.758520 serial_part_sent user_id=6499839380 serial_id=17 part=15
2026-02-13T13:02:46.599307 user_action user_id=6499839380 chat_id=6499839380 username=Excel_student data=serialpart:17:17 message_id=3057
2026-02-13T13:02:47.146530 serial_part_sent user_id=6499839380 serial_id=17 part=17
2026-02-13T13:02:48.931607 user_action user_id=6499839380 chat_id=6499839380 username=Excel_student data=serialpart:17:19 message_id=3058
2026-02-13T13:02:49.390242 serial_part_sent user_id=6499839380 serial_id=17 part=19
2026-02-13T13:02:51.510385 user_action user_id=6499839380 chat_id=6499839380 username=Excel_student data=serialpart:17:20 message_id=3059
2026-02-13T13:02:52.111923 serial_part_sent user_id=6499839380 serial_id=17 part=20
2026-02-13T13:02:53.601657 user_action user_id=6499839380 chat_id=6499839380 username=Excel_student data=serialpage:17:1 message_id=3060
2026-02-13T13:03:22.323594 user_action user_id=6499839380 chat_id=6499839380 username=Excel_student data=serialpage:17:1 message_id=3060
2026-02-13T13:04:28.844894 user_action user_id=6499839380 chat_id=6499839380 username=Excel_student data=serialpage:17:1 message_id=3060
2026-02-13T13:04:32.380405 user_action user_id=6499839380 chat_id=6499839380 username=Excel_student data=serialpart:17:21 message_id=3061
2026-02-13T13:04:32.907198 serial_part_sent user_id=6499839380 serial_id=17 part=21
2026-02-13T13:04:34.946502 user_action user_id=6499839380 chat_id=6499839380 username=Excel_student data=serialpart:17:22 message_id=3062
2026-02-13T13:04:35.352093 serial_part_sent user_id=6499839380 serial_id=17 part=22
2026-02-13T13:04:37.590407 user_action user_id=6499839380 chat_id=6499839380 username=Excel_student data=serialpart:17:27 message_id=3063
2026-02-13T13:04:38.226192 serial_part_sent user_id=6499839380 serial_id=17 part=27
2026-02-13T13:04:39.847096 user_action user_id=6499839380 chat_id=6499839380 username=Excel_student data=serialpart:17:28 message_id=3064
2026-02-13T13:04:40.265311 serial_part_sent user_id=6499839380 serial_id=17 part=28
2026-02-13T13:04:42.320347 user_action user_id=6499839380 chat_id=6499839380 username=Excel_student data=serialpart:17:29 message_id=3065
2026-02-13T13:04:42.766941 serial_part_sent user_id=6499839380 serial_id=17 part=29
2026-02-13T13:04:44.795731 user_action user_id=6499839380 chat_id=6499839380 username=Excel_student data=serialpage:17:0 message_id=3066
2026-02-13T13:04:47.028484 user_action user_id=6499839380 chat_id=6499839380 username=Excel_student data=serialpart:17:8 message_id=3067
2026-02-13T13:04:47.558112 serial_part_sent user_id=6499839380 serial_id=17 part=8
2026-02-13T13:04:49.684666 user_action user_id=6499839380 chat_id=6499839380 username=Excel_student data=serialpart:17:14 message_id=3068
2026-02-13T13:04:50.154683 serial_part_sent user_id=6499839380 serial_id=17 part=14
2026-02-13T13:04:52.189504 user_action user_id=6499839380 chat_id=6499839380 username=Excel_student data=serialpart:17:15 message_id=3069
2026-02-13T13:04:52.674180 serial_part_sent user_id=6499839380 serial_id=17 part=15
2026-02-13T13:04:54.831000 user_action user_id=6499839380 chat_id=6499839380 username=Excel_student data=serialpart:17:17 message_id=3070
2026-02-13T13:04:55.360745 serial_part_sent user_id=6499839380 serial_id=17 part=17
2026-02-13T13:05:54.372700 user_message user_id=6499839380 chat_id=6499839380 chat_type=private username=Excel_student msg_type=ContentType.TEXT message_id=3072 text=/admin
2026-02-13T13:05:57.982884 user_action user_id=6499839380 chat_id=6499839380 username=Excel_student data=admin:addserial message_id=3073
2026-02-13T13:05:57.996185 serial_add_start user_id=6499839380
2026-02-13T13:06:06.185422 user_message user_id=6499839380 chat_id=6499839380 chat_type=private username=Excel_student msg_type=ContentType.TEXT message_id=3074 text=Oq zaytun daraxti
2026-02-13T13:06:06.202351 serial_created user_id=6499839380 serial_id=18 code=15
2026-02-13T13:07:01.492977 user_message user_id=6499839380 chat_id=6499839380 chat_type=private username=Excel_student msg_type=ContentType.VIDEO message_id=3090 text=
2026-02-13T13:07:01.494085 user_message user_id=6499839380 chat_id=6499839380 chat_type=private username=Excel_student msg_type=ContentType.VIDEO message_id=3085 text=
2026-02-13T13:07:01.495060 user_message user_id=6499839380 chat_id=6499839380 chat_type=private username=Excel_student msg_type=ContentType.VIDEO message_id=3088 text=
2026-02-13T13:07:01.496010 user_message user_id=6499839380 chat_id=6499839380 chat_type=private username=Excel_student msg_type=ContentType.VIDEO message_id=3080 text=
2026-02-13T13:07:01.497070 user_message user_id=6499839380 chat_id=6499839380 chat_type=private username=Excel_student msg_type=ContentType.VIDEO message_id=3092 text=
2026-02-13T13:07:01.498450 user_message user_id=6499839380 chat_id=6499839380 chat_type=private username=Excel_student msg_type=ContentType.VIDEO message_id=3086 text=
2026-02-13T13:07:01.501354 user_message user_id=6499839380 chat_id=6499839380 chat_type=private username=Excel_student msg_type=ContentType.VIDEO message_id=3081 text=
2026-02-13T13:07:01.502387 user_message user_id=6499839380 chat_id=6499839380 chat_type=private username=Excel_student msg_type=ContentType.VIDEO message_id=3083 text=
2026-02-13T13:07:01.503123 user_message user_id=6499839380 chat_id=6499839380 chat_type=private username=Excel_student msg_type=ContentType.VIDEO message_id=3079 text=
2026-02-13T13:07:01.504121 user_message user_id=6499839380 chat_id=6499839380 chat_type=private username=Excel_student msg_type=ContentType.VIDEO message_id=3082 text=
2026-02-13T13:07:01.505107 user_message user_id=6499839380 chat_id=6499839380 chat_type=private username=Excel_student msg_type=ContentType.VIDEO message_id=3084 text=
2026-02-13T13:07:01.506551 user_message user_id=6499839380 chat_id=6499839380 chat_type=private username=Excel_student msg_type=ContentType.VIDEO message_id=3087 text=
2026-02-13T13:07:01.507750 user_message user_id=6499839380 chat_id=6499839380 chat_type=private username=Excel_student msg_type=ContentType.VIDEO message_id=3091 text=
2026-02-13T13:07:01.512031 user_message user_id=6499839380 chat_id=6499839380 chat_type=private username=Excel_student msg_type=ContentType.VIDEO message_id=3089 text=
2026-02-13T13:07:01.512833 user_message user_id=6499839380 chat_id=6499839380 chat_type=private username=Excel_student msg_type=ContentType.VIDEO message_id=3077 text=
2026-02-13T13:07:01.513654 user_message user_id=6499839380 chat_id=6499839380 chat_type=private username=Excel_student msg_type=ContentType.VIDEO message_id=3078 text=
2026-02-13T13:07:01.514543 user_message user_id=6499839380 chat_id=6499839380 chat_type=private username=Excel_student msg_type=ContentType.VIDEO message_id=3093 text=
2026-02-13T13:07:01.790523 serial_part_added user_id=6499839380 serial_id=18 part=1 message_id=3079
2026-02-13T13:07:02.391572 serial_part_added user_id=6499839380 serial_id=18 part=2 message_id=3077
2026-02-13T13:07:02.916304 serial_part_added user_id=6499839380 serial_id=18 part=3 message_id=3078
2026-02-13T13:07:03.516534 serial_part_added user_id=6499839380 serial_id=18 part=4 message_id=3080
2026-02-13T13:07:04.018015 serial_part_added user_id=6499839380 serial_id=18 part=5 message_id=3081
2026-02-13T13:07:07.524325 serial_part_added user_id=6499839380 serial_id=18 part=6 message_id=3082
2026-02-13T13:07:08.139767 serial_part_added user_id=6499839380 serial_id=18 part=7 message_id=3083
2026-02-13T13:07:08.627131 serial_part_added user_id=6499839380 serial_id=18 part=8 message_id=3084
2026-02-13T13:07:09.223548 serial_part_added user_id=6499839380 serial_id=18 part=9 message_id=3085
2026-02-13T13:07:09.748617 serial_part_added user_id=6499839380 serial_id=18 part=10 message_id=3086
2026-02-13T13:07:13.449242 serial_part_added user_id=6499839380 serial_id=18 part=11 message_id=3087
2026-02-13T13:07:13.957522 serial_part_added user_id=6499839380 serial_id=18 part=12 message_id=3088
2026-02-13T13:07:14.560870 serial_part_added user_id=6499839380 serial_id=18 part=13 message_id=3089
2026-02-13T13:07:15.156103 serial_part_added user_id=6499839380 serial_id=18 part=14 message_id=3090
2026-02-13T13:07:15.672805 serial_part_added user_id=6499839380 serial_id=18 part=15 message_id=3091
2026-02-13T13:07:19.284955 serial_part_added user_id=6499839380 serial_id=18 part=16 message_id=3092
2026-02-13T13:07:19.787160 serial_part_added user_id=6499839380 serial_id=18 part=17 message_id=3093
2026-02-13T13:07:24.714295 user_action user_id=6499839380 chat_id=6499839380 username=Excel_student data=serial:cancel message_id=3127
2026-02-13T13:07:27.369163 user_action user_id=6499839380 chat_id=6499839380 username=Excel_student data=admin:serials message_id=3127
2026-02-13T13:07:33.238088 user_action user_id=6499839380 chat_id=6499839380 username=Excel_student data=admin:serial:18 message_id=3127
2026-02-13T13:07:36.334264 user_action user_id=6499839380 chat_id=6499839380 username=Excel_student data=serialpart:18:2 message_id=3128
2026-02-13T13:07:36.876802 serial_part_sent user_id=6499839380 serial_id=18 part=2
2026-02-13T13:07:38.737833 user_action user_id=6499839380 chat_id=6499839380 username=Excel_student data=serialpart:18:3 message_id=3129
2026-02-13T13:07:39.195999 serial_part_sent user_id=6499839380 serial_id=18 part=3
2026-02-13T13:07:40.891536 user_action user_id=6499839380 chat_id=6499839380 username=Excel_student data=serialpart:18:4 message_id=3130
2026-02-13T13:07:41.338695 serial_part_sent user_id=6499839380 serial_id=18 part=4
2026-02-13T13:07:43.112195 user_action user_id=6499839380 chat_id=6499839380 username=Excel_student data=serialpart:18:5 message_id=3131
2026-02-13T13:07:43.579083 serial_part_sent user_id=6499839380 serial_id=18 part=5
2026-02-13T13:07:45.700178 user_action user_id=6499839380 chat_id=6499839380 username=Excel_student data=serialpart:18:6 message_id=3132
2026-02-13T13:07:46.256357 serial_part_sent user_id=6499839380 serial_id=18 part=6
2026-02-13T13:07:47.952212 user_action user_id=6499839380 chat_id=6499839380 username=Excel_student data=serialpart:18:7 message_id=3133
2026-02-13T13:07:48.396135 serial_part_sent user_id=6499839380 serial_id=18 part=7
2026-02-13T13:07:50.024685 user_action user_id=6499839380 chat_id=6499839380 username=Excel_student data=serialpart:18:8 message_id=3134
2026-02-13T13:07:50.831851 serial_part_sent user_id=6499839380 serial_id=18 part=8
2026-02-13T13:07:54.729416 user_action user_id=6499839380 chat_id=6499839380 username=Excel_student data=serialpart:18:9 message_id=3135
2026-02-13T13:07:55.380514 serial_part_sent user_id=6499839380 serial_id=18 part=9
2026-02-13T13:07:57.165267 user_action user_id=6499839380 chat_id=6499839380 username=Excel_student data=serialpart:18:10 message_id=3136
2026-02-13T13:07:57.651440 serial_part_sent user_id=6499839380 serial_id=18 part=10
2026-02-13T13:08:01.978927 user_action user_id=6499839380 chat_id=6499839380 username=Excel_student data=serialpart:18:11 message_id=3137
2026-02-13T13:08:02.456724 serial_part_sent user_id=6499839380 serial_id=18 part=11
2026-02-13T13:08:04.294195 user_action user_id=6499839380 chat_id=6499839380 username=Excel_student data=serialpart:18:12 message_id=3138
2026-02-13T13:08:04.780209 serial_part_sent user_id=6499839380 serial_id=18 part=12
2026-02-13T13:08:06.266835 user_action user_id=6499839380 chat_id=6499839380 username=Excel_student data=serialpart:18:13 message_id=3139
2026-02-13T13:08:06.767265 serial_part_sent user_id=6499839380 serial_id=18 part=13
2026-02-13T13:08:08.326808 user_action user_id=6499839380 chat_id=6499839380 username=Excel_student data=serialpart:18:14 message_id=3140
2026-02-13T13:08:08.788551 serial_part_sent user_id=6499839380 serial_id=18 part=14
2026-02-13T13:08:10.623021 user_action user_id=6499839380 chat_id=6499839380 username=Excel_student data=serialpart:18:15 message_id=3141
2026-02-13T13:08:11.190611 serial_part_sent user_id=6499839380 serial_id=18 part=15
2026-02-13T13:08:13.205862 user_action user_id=6499839380 chat_id=6499839380 username=Excel_student data=serialpart:18:16 message_id=3142
2026-02-13T13:08:14.164006 serial_part_sent user_id=6499839380 serial_id=18 part=16
2026-02-13T13:08:16.290366 user_action user_id=6499839380 chat_id=6499839380 username=Excel_student data=serialpart:18:17 message_id=3143
2026-02-13T13:08:16.765931 serial_part_sent user_id=6499839380 serial_id=18 part=17
2026-02-13T13:08:23.674573 user_message user_id=6499839380 chat_id=6499839380 chat_type=private username=Excel_student msg_type=ContentType.TEXT message_id=3145 text=/admin
2026-02-13T13:08:26.008024 user_action user_id=6499839380 chat_id=6499839380 username=Excel_student data=admin:users message_id=3146
2026-02-13T13:08:28.219181 user_action user_id=6499839380 chat_id=6499839380 username=Excel_student data=admin:back message_id=3146
2026-02-13T13:08:29.937104 user_action user_id=6499839380 chat_id=6499839380 username=Excel_student data=admin:stats message_id=3146
2026-02-13T13:08:36.327590 user_action user_id=6499839380 chat_id=6499839380 username=Excel_student data=admin:back message_id=3146
2026-02-13T13:30:12.046946 user_message user_id=5792951787 chat_id=5792951787 chat_type=private username=humble_student1 msg_type=ContentType.TEXT message_id=3147 text=/start
2026-02-13T13:30:12.048205 user_start user_id=5792951787
2026-02-13T13:30:14.922313 user_action user_id=5792951787 chat_id=5792951787 username=humble_student1 data=user:vipinfo message_id=3148
2026-02-13T13:30:18.271720 user_action user_id=5792951787 chat_id=5792951787 username=humble_student1 data=vipjoin:cancel message_id=3149
2026-02-13T13:30:22.500022 user_action user_id=5792951787 chat_id=5792951787 username=humble_student1 data=user:serials message_id=3148
2026-02-13T13:30:28.493959 user_message user_id=5792951787 chat_id=5792951787 chat_type=private username=humble_student1 msg_type=ContentType.TEXT message_id=3151 text=Imkonsiz nikoh
2026-02-13T13:30:28.498253 serial_request user_id=5792951787 query=Imkonsiz nikoh
2026-02-13T13:30:31.426661 user_action user_id=5792951787 chat_id=5792951787 username=humble_student1 data=serialpart:16:8 message_id=3152
2026-02-13T13:30:32.166315 serial_part_sent user_id=5792951787 serial_id=16 part=8
2026-02-13T13:30:34.388101 user_action user_id=5792951787 chat_id=5792951787 username=humble_student1 data=serialpart:16:10 message_id=3153
2026-02-13T13:30:35.000151 serial_part_sent user_id=5792951787 serial_id=16 part=10
2026-02-13T13:31:34.437262 user_message user_id=5792951787 chat_id=5792951787 chat_type=private username=humble_student1 msg_type=ContentType.TEXT message_id=3155 text=Farishtaning muhabbati
2026-02-13T13:31:34.441001 serial_request user_id=5792951787 query=Farishtaning muhabbati
2026-02-13T13:31:37.766624 user_action user_id=5792951787 chat_id=5792951787 username=humble_student1 data=serialpart:10:13 message_id=3156
2026-02-13T13:31:38.247959 serial_part_sent user_id=5792951787 serial_id=10 part=13
2026-02-13T13:31:40.736152 user_message user_id=5792951787 chat_id=5792951787 chat_type=private username=humble_student1 msg_type=ContentType.TEXT message_id=3158 text=Sevgi chiziqlari
2026-02-13T13:31:40.738501 serial_request user_id=5792951787 query=Sevgi chiziqlari
2026-02-13T13:31:43.909140 user_action user_id=5792951787 chat_id=5792951787 username=humble_student1 data=serialpart:13:2 message_id=3159
2026-02-13T13:31:44.513393 serial_part_sent user_id=5792951787 serial_id=13 part=2
2026-02-13T13:31:46.265017 user_action user_id=5792951787 chat_id=5792951787 username=humble_student1 data=serialpart:13:3 message_id=3160
2026-02-13T13:31:46.847122 serial_part_sent user_id=5792951787 serial_id=13 part=3
2026-02-13T13:31:48.350580 user_action user_id=5792951787 chat_id=5792951787 username=humble_student1 data=serialpart:13:4 message_id=3161
2026-02-13T13:31:48.953383 serial_part_sent user_id=5792951787 serial_id=13 part=4
2026-02-13T13:31:50.462527 user_action user_id=5792951787 chat_id=5792951787 username=humble_student1 data=serialpart:13:5 message_id=3162
2026-02-13T13:31:51.100870 serial_part_sent user_id=5792951787 serial_id=13 part=5
2026-02-13T13:31:52.474902 user_action user_id=5792951787 chat_id=5792951787 username=humble_student1 data=serialpart:13:6 message_id=3163
2026-02-13T13:31:53.244610 serial_part_sent user_id=5792951787 serial_id=13 part=6
2026-02-13T13:31:54.693808 user_action user_id=5792951787 chat_id=5792951787 username=humble_student1 data=serialpart:13:7 message_id=3164
2026-02-13T13:31:55.230983 serial_part_sent user_id=5792951787 serial_id=13 part=7
2026-02-13T13:31:56.595391 user_action user_id=5792951787 chat_id=5792951787 username=humble_student1 data=noop message_id=3165
2026-02-13T13:32:06.250968 user_message user_id=5792951787 chat_id=5792951787 chat_type=private username=humble_student1 msg_type=ContentType.TEXT message_id=3166 text=Tezlik va sevgi
2026-02-13T13:32:06.252616 serial_request user_id=5792951787 query=Tezlik va sevgi
2026-02-13T13:32:09.202161 user_action user_id=5792951787 chat_id=5792951787 username=humble_student1 data=serialpage:17:1 message_id=3167
2026-02-13T13:32:11.435965 user_action user_id=5792951787 chat_id=5792951787 username=humble_student1 data=serialpart:17:27 message_id=3168
2026-02-13T13:32:12.048540 serial_part_sent user_id=5792951787 serial_id=17 part=27
2026-02-13T13:32:14.986672 user_action user_id=5792951787 chat_id=5792951787 username=humble_student1 data=serialpart:17:29 message_id=3169
2026-02-13T13:32:15.546229 serial_part_sent user_id=5792951787 serial_id=17 part=29
2026-02-13T21:52:17.099155 user_message user_id=6499839380 chat_id=6499839380 chat_type=private username=Excel_student msg_type=ContentType.TEXT message_id=3171 text=/admin
2026-02-13T21:52:19.759874 user_action user_id=6499839380 chat_id=6499839380 username=Excel_student data=admin:stats message_id=3172
2026-02-13T21:52:22.523871 user_action user_id=6499839380 chat_id=6499839380 username=Excel_student data=admin:back message_id=3172
2026-02-13T21:52:24.873631 user_action user_id=6499839380 chat_id=6499839380 username=Excel_student data=admin:users message_id=3172
2026-02-13T21:52:29.022497 user_action user_id=6499839380 chat_id=6499839380 username=Excel_student data=admin:back message_id=3172
2026-02-13T21:52:31.648439 user_action user_id=6499839380 chat_id=6499839380 username=Excel_student data=admin:channels message_id=3172
2026-02-13T21:52:33.278544 user_action user_id=6499839380 chat_id=6499839380 username=Excel_student data=admin:back message_id=3172
2026-02-13T21:52:36.247510 user_action user_id=6499839380 chat_id=6499839380 username=Excel_student data=admin:serials message_id=3172
2026-02-13T21:52:38.890016 user_action user_id=6499839380 chat_id=6499839380 username=Excel_student data=admin:serial:16 message_id=3172
2026-02-13T21:52:41.366954 user_action user_id=6499839380 chat_id=6499839380 username=Excel_student data=serialpart:16:9 message_id=3173
2026-02-13T21:52:41.817114 serial_part_sent user_id=6499839380 serial_id=16 part=9
2026-02-13T21:52:43.674039 user_action user_id=6499839380 chat_id=6499839380 username=Excel_student data=serialpart:16:10 message_id=3174
2026-02-13T21:52:44.152658 serial_part_sent user_id=6499839380 serial_id=16 part=10
2026-02-13T23:21:45.555120 user_message user_id=5792951787 chat_id=5792951787 chat_type=private username=humble_student1 msg_type=ContentType.TEXT message_id=3176 text=/admin
2026-02-13T23:21:49.857091 user_action user_id=5792951787 chat_id=5792951787 username=humble_student1 data=admin:backup message_id=3177
2026-02-13T23:22:09.768107 user_message user_id=6499839380 chat_id=6499839380 chat_type=private username=Excel_student msg_type=ContentType.TEXT message_id=3178 text=/admin
2026-02-13T23:22:12.890312 user_action user_id=6499839380 chat_id=6499839380 username=Excel_student data=admin:backup message_id=3179
2026-02-13T23:22:13.494909 backup_sent user_id=6499839380
2026-02-14T01:00:53.669056 user_message user_id=5792951787 chat_id=5792951787 chat_type=private username=humble_student1 msg_type=ContentType.TEXT message_id=3181 text=/admin
2026-02-14T01:00:57.245931 user_action user_id=5792951787 chat_id=5792951787 username=humble_student1 data=admin:serials message_id=3182
2026-02-14T01:00:59.812401 user_action user_id=5792951787 chat_id=5792951787 username=humble_student1 data=admin:back message_id=3182
2026-02-14T01:01:03.363503 user_action user_id=5792951787 chat_id=5792951787 username=humble_student1 data=admin:help message_id=3182
2026-02-14T01:02:29.194916 user_message user_id=5792951787 chat_id=5792951787 chat_type=private username=humble_student1 msg_type=ContentType.DOCUMENT message_id=3183 text=/restoredb
2026-02-14T01:03:30.537595 user_message user_id=6499839380 chat_id=6499839380 chat_type=private username=Excel_student msg_type=ContentType.DOCUMENT message_id=3185 text=/restoredb
2026-02-14T01:03:30.668848 restore_db_start user_id=6499839380
2026-02-14T01:03:40.125437 user_message user_id=6499839380 chat_id=6499839380 chat_type=private username=Excel_student msg_type=ContentType.TEXT message_id=3187 text=/restoredb
2026-02-14T01:03:40.257890 restore_db_start user_id=6499839380
2026-02-14T01:03:48.147019 user_message user_id=6499839380 chat_id=6499839380 chat_type=private username=Excel_student msg_type=ContentType.DOCUMENT message_id=3189 text=/restoredb
2026-02-14T01:03:48.450236 restore_db_start user_id=6499839380
2026-02-14T01:04:02.215008 user_message user_id=6499839380 chat_id=6499839380 chat_type=private username=Excel_student msg_type=ContentType.TEXT message_id=3191 text=/restoredb
2026-02-14T01:04:02.217090 user_message user_id=6499839380 chat_id=6499839380 chat_type=private username=Excel_student msg_type=ContentType.DOCUMENT message_id=3192 text=/restoredb
2026-02-14T01:04:02.342102 restore_db_start user_id=6499839380
2026-02-14T01:04:02.575612 restore_db_start user_id=6499839380
2026-02-14T01:05:07.106896 user_message user_id=6499839380 chat_id=6499839380 chat_type=private username=Excel_student msg_type=ContentType.TEXT message_id=3195 text=/restoredb
2026-02-14T01:05:07.110619 user_message user_id=6499839380 chat_id=6499839380 chat_type=private username=Excel_student msg_type=ContentType.DOCUMENT message_id=3196 text=
2026-02-14T01:05:07.248376 restore_db_start user_id=6499839380
2026-02-14T01:05:12.007434 user_action user_id=6499839380 chat_id=6499839380 username=Excel_student data=restoredb:confirm message_id=3198
2026-02-14T01:05:12.214792 restore_db_success user_id=6499839380 backup=/tmp/serialbot-db-backup-20260214-010512.db
2026-02-14T01:05:18.453187 user_message user_id=6499839380 chat_id=6499839380 chat_type=private username=Excel_student msg_type=ContentType.TEXT message_id=3199 text=/admin
2026-02-14T01:05:21.023875 user_action user_id=6499839380 chat_id=6499839380 username=Excel_student data=admin:serials message_id=3200
2026-02-14T01:05:29.486116 user_message user_id=6499839380 chat_id=6499839380 chat_type=private username=Excel_student msg_type=ContentType.TEXT message_id=3201 text=/start
2026-02-14T01:05:29.487066 user_start user_id=6499839380
2026-02-14T01:05:32.455373 user_action user_id=6499839380 chat_id=6499839380 username=Excel_student data=user:serials message_id=3202
2026-02-14T01:05:36.819545 user_message user_id=6499839380 chat_id=6499839380 chat_type=private username=Excel_student msg_type=ContentType.TEXT message_id=3204 text=➡️ Keyingi
2026-02-14T01:07:52.990040 user_message user_id=6499839380 chat_id=6499839380 chat_type=private username=Excel_student msg_type=ContentType.TEXT message_id=3206 text=/admin
2026-02-14T01:07:55.538749 user_action user_id=6499839380 chat_id=6499839380 username=Excel_student data=admin:serials message_id=3207
2026-02-14T01:07:57.705022 user_action user_id=6499839380 chat_id=6499839380 username=Excel_student data=admin:serials:1 message_id=3207
2026-02-14T01:08:37.132185 user_action user_id=6499839380 chat_id=6499839380 username=Excel_student data=admin:serials:0 message_id=3207
2026-02-14T01:08:45.106872 user_message user_id=6499839380 chat_id=6499839380 chat_type=private username=Excel_student msg_type=ContentType.TEXT message_id=3208 text=➡️ Keyingi
2026-02-14T01:09:48.053026 user_message user_id=6499839380 chat_id=6499839380 chat_type=private username=Excel_student msg_type=ContentType.TEXT message_id=3210 text=/start
2026-02-14T01:09:48.054410 user_start user_id=6499839380
2026-02-14T01:09:51.049963 user_action user_id=6499839380 chat_id=6499839380 username=Excel_student data=user:serials message_id=3211
2026-02-14T01:09:54.576403 user_message user_id=6499839380 chat_id=6499839380 chat_type=private username=Excel_student msg_type=ContentType.TEXT message_id=3213 text=➡️ Keyingi
2026-02-14T01:09:59.859175 user_message user_id=6499839380 chat_id=6499839380 chat_type=private username=Excel_student msg_type=ContentType.TEXT message_id=3215 text=➡️ Keyingi
2026-02-14T01:10:06.794314 user_message user_id=6499839380 chat_id=6499839380 chat_type=private username=Excel_student msg_type=ContentType.TEXT message_id=3217 text=⬅️ Oldingi
2026-02-14T01:10:11.938010 user_message user_id=6499839380 chat_id=6499839380 chat_type=private username=Excel_student msg_type=ContentType.TEXT message_id=3219 text=➡️ Keyingi
2026-02-14T01:10:23.101246 user_message user_id=6499839380 chat_id=6499839380 chat_type=private username=Excel_student msg_type=ContentType.TEXT message_id=3221 text=Shunqor
2026-02-14T01:10:26.487740 user_action user_id=6499839380 chat_id=6499839380 username=Excel_student data=serialpart:27:20 message_id=3222
2026-02-14T01:10:26.887069 serial_part_sent user_id=6499839380 serial_id=27 part=20
2026-02-14T01:10:30.580616 user_message user_id=6499839380 chat_id=6499839380 chat_type=private username=Excel_student msg_type=ContentType.TEXT message_id=3224 text=Sirli sinf
2026-02-14T01:10:32.835220 user_action user_id=6499839380 chat_id=6499839380 username=Excel_student data=serialpart:32:4 message_id=3225
2026-02-14T01:10:33.234525 serial_part_sent user_id=6499839380 serial_id=32 part=4
2026-02-14T01:10:34.471852 user_message user_id=6499839380 chat_id=6499839380 chat_type=private username=Excel_student msg_type=ContentType.TEXT message_id=3227 text=Aqldan ozgan ammo hammasi joyida
2026-02-14T01:10:38.460016 user_action user_id=6499839380 chat_id=6499839380 username=Excel_student data=serialpart:33:3 message_id=3228
2026-02-14T01:10:39.242068 serial_part_sent user_id=6499839380 serial_id=33 part=3
2026-02-14T01:10:40.886035 user_action user_id=6499839380 chat_id=6499839380 username=Excel_student data=serialpart:33:4 message_id=3229
2026-02-14T01:10:41.510713 serial_part_sent user_id=6499839380 serial_id=33 part=4
2026-02-14T01:10:43.067620 user_action user_id=6499839380 chat_id=6499839380 username=Excel_student data=serialpart:33:14 message_id=3230
2026-02-14T01:10:43.460567 serial_part_sent user_id=6499839380 serial_id=33 part=14
2026-02-14T01:10:45.121486 user_action user_id=6499839380 chat_id=6499839380 username=Excel_student data=serialpart:33:12 message_id=3231
2026-02-14T01:10:45.632003 serial_part_sent user_id=6499839380 serial_id=33 part=12
2026-02-14T01:10:49.012991 user_message user_id=6499839380 chat_id=6499839380 chat_type=private username=Excel_student msg_type=ContentType.TEXT message_id=3233 text=⬅️ Oldingi
2026-02-14T01:10:52.800444 user_message user_id=6499839380 chat_id=6499839380 chat_type=private username=Excel_student msg_type=ContentType.TEXT message_id=3235 text=⭐ Trigger
2026-02-14T01:10:56.850170 user_action user_id=6499839380 chat_id=6499839380 username=Excel_student data=serialpart:7:9 message_id=3236
2026-02-14T01:10:57.477188 serial_part_sent user_id=6499839380 serial_id=7 part=9
2026-02-14T01:10:59.450641 user_action user_id=6499839380 chat_id=6499839380 username=Excel_student data=serialpart:7:6 message_id=3237
2026-02-14T01:10:59.963529 serial_part_sent user_id=6499839380 serial_id=7 part=6
2026-02-14T01:11:04.270618 user_message user_id=6499839380 chat_id=6499839380 chat_type=private username=Excel_student msg_type=ContentType.TEXT message_id=3239 text=Kyon-U va Pari
2026-02-14T01:11:06.931573 user_message user_id=6499839380 chat_id=6499839380 chat_type=private username=Excel_student msg_type=ContentType.TEXT message_id=3241 text=➡️ Keyingi
2026-02-14T01:11:10.521890 user_message user_id=6499839380 chat_id=6499839380 chat_type=private username=Excel_student msg_type=ContentType.TEXT message_id=3243 text=Hissiyotlar do'koni
2026-02-14T01:11:13.383617 user_action user_id=6499839380 chat_id=6499839380 username=Excel_student data=serialpart:28:6 message_id=3244
2026-02-14T01:11:13.789682 serial_part_sent user_id=6499839380 serial_id=28 part=6
2026-02-14T01:11:21.162552 user_message user_id=6499839380 chat_id=6499839380 chat_type=private username=Excel_student msg_type=ContentType.TEXT message_id=3246 text=/admin
2026-02-14T01:11:24.342725 user_action user_id=6499839380 chat_id=6499839380 username=Excel_student data=admin:addserial message_id=3247
2026-02-14T01:11:24.354053 serial_add_start user_id=6499839380
2026-02-14T01:12:08.877212 user_message user_id=6499839380 chat_id=6499839380 chat_type=private username=Excel_student msg_type=ContentType.TEXT message_id=3248 text=/admin
2026-02-14T01:12:12.582089 user_action user_id=6499839380 chat_id=6499839380 username=Excel_student data=admin:backup message_id=3249
2026-02-14T01:12:13.386298 backup_sent user_id=6499839380
2026-02-14T01:12:18.218850 user_action user_id=6499839380 chat_id=6499839380 username=Excel_student data=serial:cancel message_id=3247
2026-02-14T01:12:24.066795 user_action user_id=6499839380 chat_id=6499839380 username=Excel_student data=admin:serials message_id=3247
2026-02-14T01:12:26.912320 user_action user_id=6499839380 chat_id=6499839380 username=Excel_student data=admin:serials:1 message_id=3247
2026-02-14T01:12:29.572414 user_action user_id=6499839380 chat_id=6499839380 username=Excel_student data=admin:serials:0 message_id=3247
2026-02-14T01:12:37.315672 user_action user_id=6499839380 chat_id=6499839380 username=Excel_student data=admin:back message_id=3247
